"longitude","latitude","count","pests","height","quality"
26.2995823344443,-28.7993497593558,8,"yes",1.79565669736571,"B"
26.3011916401796,-28.8009993643916,5,"yes",1.89328372813817,"D"
26.3030942654029,-28.8022162999457,8,"yes",1.4560921986245,"D"
26.3034858942978,-28.8058657408408,6,"yes",1.93415869672883,"D"
26.2991458538765,-28.7994275514464,7,"yes",1.80173468765642,"B"
26.3026528782761,-28.7969336679881,4,"yes",1.84630111479559,"C"
26.3023807975935,-28.7994121739056,4,"yes",1.9106744365893,"C"
26.3001969748765,-28.8022483700072,4,"yes",1.87980934098262,"D"
26.2985223367718,-28.8023794814871,5,"yes",1.94853531662387,"D"
26.2997361562611,-28.8016504046832,8,"yes",1.91806498256014,"D"
26.3009568283983,-28.8013425852914,4,"yes",1.66349776586813,"D"
26.3048452050865,-28.8027669552483,4,"yes",1.398412229444,"C"
26.2988256296327,-28.7994429927122,1,"no",1.85876011731045,"A"
26.2998930799236,-28.7966841713765,15,"no",1.90738720251085,"B"
26.2994664372957,-28.7995058768271,3,"yes",1.82073048968645,"B"
26.2990150800909,-28.8009852032905,1,"no",1.8715802805054,"A"
26.2990313530336,-28.7960802964739,2,"no",1.52538305290763,"B"
26.2964312127304,-28.7950819660174,2,"no",1.78869606825782,"B"
26.3006764157581,-28.8050368704436,6,"yes",1.62558222291221,"D"
26.2990075768757,-28.7958648792788,5,"no",1.96665151548662,"B"
26.3035344546185,-28.8052850892229,5,"yes",1.49437280618473,"D"
26.3011107535106,-28.7981700065932,2,"no",1.64609339375593,"B"
26.2961754949621,-28.7974592554473,6,"no",1.57812845245756,"B"
26.3002406995158,-28.7968395415799,8,"no",1.76647616110929,"B"
26.299959721402,-28.8006898879567,4,"yes",1.43032558663008,"D"
26.3023344153002,-28.7998037282326,3,"yes",1.77880252213152,"C"
26.3005188276575,-28.7962848763363,5,"no",1.4501696959656,"B"
26.3033403427357,-28.7941030266914,6,"no",1.68744583232892,"B"
26.3013057026527,-28.8027634672837,4,"yes",1.8975466535656,"D"
26.2991071026376,-28.7971308746746,6,"yes",1.70205346664514,"B"
26.297740236409,-28.80238991629,3,"no",1.78148284757963,"A"
26.2995727001314,-28.7954677288744,5,"yes",1.75678449523719,"B"
26.2992652955739,-28.7950059550054,3,"no",2.14987684412284,"B"
26.299464123333,-28.7969050218135,3,"no",1.69305467098173,"B"
26.305043027286,-28.8016827439777,5,"yes",1.61397415164244,"C"
26.2953239838246,-28.7976461956636,5,"yes",1.78158175946354,"A"
26.3041185428501,-28.8022691741953,3,"yes",1.4648853987104,"C"
26.3015387211154,-28.8016374505248,6,"yes",1.85878765127522,"D"
26.3010861889947,-28.801712508739,6,"yes",1.75338422317037,"D"
26.2993628300208,-28.7953148435614,3,"yes",2.00133308849567,"B"
26.3007313390042,-28.7951488009958,5,"no",1.69643254907082,"B"
26.3027385068617,-28.8004576338042,4,"yes",1.56588682267065,"C"
26.2949179401505,-28.7974061752073,6,"yes",1.71810137685232,"A"
26.3023172234915,-28.8016799564825,6,"yes",2.01667466046404,"D"
26.3003846493817,-28.7979463078528,2,"yes",1.61512978148339,"B"
26.3040993638671,-28.7992802662863,5,"yes",1.58117762129218,"C"
26.3054009790707,-28.7995293713768,5,"yes",1.66027910125535,"C"
26.2970779498287,-28.7990849863203,3,"no",1.72693466533756,"A"
26.3010286603115,-28.7941001988558,6,"no",1.94370886945472,"B"
26.2991911660493,-28.80418701915,6,"yes",1.58146298831789,"D"
26.3012065822359,-28.7958559562571,4,"yes",1.88030831205598,"B"
26.3006245571886,-28.8021830376541,4,"yes",1.73434275532372,"D"
26.2978110953173,-28.7988132601768,6,"no",1.71674598016149,"A"
26.2989177064675,-28.8021406399429,8,"yes",1.52678817073937,"D"
26.2999101578695,-28.8037443236724,5,"yes",1.60230563002558,"D"
26.2976231889988,-28.7955089341831,2,"no",1.6651816015676,"B"
26.2998511680348,-28.8030629205947,5,"yes",1.62946976516669,"D"
26.3009154269318,-28.8051219005303,7,"yes",1.91241825015723,"D"
26.3014261950912,-28.8015468625498,5,"yes",1.66643273700375,"D"
26.3014175579213,-28.7978849130793,11,"yes",2.13012523550251,"C"
26.3005512621804,-28.7980310726872,3,"no",1.65567975306394,"B"
26.3006283693333,-28.7976414841498,2,"no",1.71876769627839,"B"
26.2949200083953,-28.799411399552,2,"yes",1.56087087393516,"A"
26.2983155059684,-28.7953662064977,2,"no",1.95017504197935,"B"
26.3002621821337,-28.7990165453007,3,"no",1.83265126323577,"B"
26.3025045464338,-28.8017155214789,5,"yes",1.85653494934265,"D"
26.3011788119321,-28.8034064915325,6,"yes",2.03937601287889,"D"
26.3026600296855,-28.8029012061073,5,"yes",1.70935141639362,"D"
26.3061279628615,-28.8020428338413,3,"yes",1.8058687622121,"C"
26.2987378665839,-28.8025381618436,5,"yes",1.71889387076568,"D"
26.3004110803927,-28.8005845876584,5,"yes",1.55055930835582,"D"
26.2979617300802,-28.7959698533743,3,"no",1.65904317805826,"B"
26.2970070368482,-28.8005928233288,1,"no",1.80476337730354,"A"
26.2979689919219,-28.8026882137042,7,"yes",1.59742623968787,"A"
26.2965911381108,-28.8052648426448,4,"yes",1.75354602660653,"A"
26.3011040454428,-28.7942945090101,10,"no",1.93907670949897,"B"
26.2991863190808,-28.798331638965,4,"no",1.73794283015761,"B"
26.2990406274443,-28.7933862006873,3,"yes",1.73919923001883,"B"
26.301649572449,-28.7985063194509,4,"yes",1.67677368747936,"C"
26.3003418228049,-28.8049468127493,10,"yes",1.64051386317461,"D"
26.2952911326406,-28.7947754432697,3,"no",1.50785314962562,"B"
26.3022156474113,-28.7996914881647,7,"yes",1.58816827653446,"C"
26.2996343496343,-28.7931147283986,2,"yes",1.74908564246791,"B"
26.3019305043421,-28.7996939136984,5,"yes",1.87395586435811,"C"
26.2981714069636,-28.7999606918149,2,"no",1.95741205286382,"A"
26.3004707186421,-28.7981996651114,5,"no",1.71433553397332,"B"
26.2974794858089,-28.7940269411853,3,"no",1.58389663640915,"B"
26.2998044241129,-28.7997676582231,3,"no",1.7177374808541,"B"
26.3028010689509,-28.8013584016114,3,"yes",1.38696604525411,"C"
26.3021313785302,-28.8025506683874,7,"yes",1.61786713873768,"D"
26.2969570682274,-28.7957581322184,9,"no",1.7489603740123,"B"
26.2998418157869,-28.7958206886584,2,"yes",1.9078920788778,"B"
26.2965344665263,-28.7945056361301,10,"yes",1.68306822305175,"B"
26.2958012690683,-28.7951068089182,4,"yes",1.7149971255819,"B"
26.3026176153618,-28.7995434780126,8,"yes",1.61210266979751,"C"
26.3019816007039,-28.8029447515446,4,"yes",1.62356402135037,"D"
26.2981162765388,-28.7971052837706,2,"no",1.87608602165187,"B"
26.2971528927112,-28.8000523902216,3,"yes",1.70491604514042,"A"
26.2989620545099,-28.80243236885,6,"yes",1.82676587041644,"D"
26.299862065677,-28.801460814125,7,"yes",1.73123675156239,"D"
26.3022914457217,-28.8002300005827,5,"yes",1.57730966803284,"C"
26.2960114842593,-28.7999331227218,5,"yes",1.7276075436631,"A"
26.2983328644981,-28.797833892195,2,"yes",1.86004451706715,"B"
26.2974639314835,-28.7961762677609,4,"no",1.59635076312737,"B"
26.2951156089145,-28.7996469270653,3,"no",1.93343165083331,"A"
26.2965662323761,-28.8058674783219,8,"yes",1.87133409341927,"D"
26.3006584527589,-28.7962334274277,4,"yes",1.93749152767755,"B"
26.3028577821262,-28.7987540607232,4,"yes",1.90112887315508,"C"
26.2997644168936,-28.7974811229029,3,"no",1.65487036428259,"B"
26.3011102140122,-28.7971482423324,2,"yes",1.92054988175864,"B"
26.2987282074252,-28.7975837995223,5,"no",1.78910663397033,"B"
26.301646362934,-28.8060805543059,4,"yes",1.53231757887706,"D"
26.3012217641241,-28.8027365678454,7,"yes",1.86681354374677,"D"
26.3000502624784,-28.8038186606932,8,"yes",1.67347059759409,"D"
26.3023346211328,-28.8037797761852,4,"yes",1.60416756992828,"D"
26.2967640551378,-28.7961579038824,2,"yes",1.71536816933778,"B"
26.2970533707256,-28.7956435130114,2,"yes",1.6597994845077,"B"
26.3025283850842,-28.8030497494065,5,"yes",1.73381185460567,"D"
26.2977113758554,-28.8037258887174,8,"yes",1.71455069244283,"D"
26.2950776926386,-28.7969187320705,4,"yes",1.58367755846377,"A"
26.298170141359,-28.7961051719782,5,"yes",1.68318631127044,"B"
26.3014587927524,-28.8038871297332,5,"yes",1.74782124997616,"D"
26.2978105118547,-28.7966475318626,9,"no",1.80638292315403,"B"
26.2990845878903,-28.7973989170808,12,"yes",1.72736680382444,"B"
26.2985796164101,-28.801856504144,2,"no",1.87897924389855,"A"
26.2957813241027,-28.7967491876646,4,"no",1.51129952057911,"B"
26.3014413619473,-28.7958008505902,2,"no",1.69981195797905,"B"
26.2997965525402,-28.8062543196467,4,"yes",1.90526895113005,"D"
26.3020189904929,-28.7936954564154,3,"no",1.90848225490454,"B"
26.2989578547747,-28.8021740665356,7,"yes",1.82488717778503,"D"
26.3025998520534,-28.8030979569988,4,"yes",1.95706281737036,"D"
26.2982717047843,-28.7995124851061,6,"no",1.68001953879699,"A"
26.2998694249932,-28.797590385282,5,"yes",1.76319212260592,"B"
26.301217544052,-28.7965301119876,2,"yes",2.06663860065426,"B"
26.2981439036033,-28.7994792028948,2,"yes",1.6793220850832,"A"
26.2977454653843,-28.7971687258372,4,"yes",1.81971027550403,"B"
26.2965675277518,-28.8063367534349,5,"yes",1.68597744178019,"D"
26.2998003864271,-28.7977194686948,4,"yes",1.90185017846788,"B"
26.2998035506001,-28.7995554411835,3,"no",1.72694650985249,"B"
26.2977943732108,-28.7951335573846,2,"yes",1.81062017509316,"B"
26.3024654332251,-28.8040694695933,8,"yes",1.97770392746174,"D"
26.2990712924527,-28.8032452099103,8,"yes",1.87029542463428,"D"
26.3009773491238,-28.7986673260217,7,"yes",1.65460991584081,"C"
26.3005512738878,-28.7967170722528,3,"yes",1.7716620300742,"B"
26.3017528297668,-28.8007075656079,7,"yes",1.65843254631907,"C"
26.2992849737162,-28.7939574797681,7,"yes",1.53426958531549,"B"
26.3036858753571,-28.8034835097787,4,"yes",1.82859448021614,"D"
26.302540158365,-28.8007779041507,5,"yes",1.7796429737398,"C"
26.3003868086679,-28.7976806482016,3,"no",1.70270751972993,"B"
26.2986731944168,-28.8012254854735,3,"no",1.95685746777378,"A"
26.298659630794,-28.8045026427229,5,"yes",1.74480095975212,"D"
26.3014299054653,-28.7997189196701,4,"yes",1.61944081782484,"C"
26.2986549172836,-28.79777398899,3,"no",1.70993509282062,"B"
26.2981146176669,-28.7992818644356,1,"no",1.78811810275048,"A"
26.2998684202493,-28.8032394102537,6,"yes",1.76545411593654,"D"
26.2958727147675,-28.8026353184882,4,"yes",1.62991562368067,"A"
26.3013174120598,-28.7984820010936,3,"yes",2.00130431123727,"C"
26.2997079885483,-28.8025214881916,6,"yes",1.79419668918384,"D"
26.2994742950313,-28.8072811129125,7,"yes",1.74739166572865,"D"
26.29893520594,-28.799414412038,3,"yes",1.66225956901871,"A"
26.302128917016,-28.8010351015303,5,"yes",1.74467406835618,"C"
26.301298507084,-28.8025674935871,4,"yes",1.93669976696161,"D"
26.300043405626,-28.801967783918,5,"yes",1.73413521418333,"D"
26.2990158866741,-28.7982256480425,3,"yes",1.91372026797116,"B"
26.3037142103127,-28.8003366812101,5,"yes",1.59535378924721,"C"
26.3025397076436,-28.7984199711163,4,"yes",1.68031879506783,"C"
26.3006624979769,-28.8011176260305,4,"yes",1.82181519592465,"D"
26.3006703038536,-28.8017836958352,6,"yes",1.69859008229489,"D"
26.298958765861,-28.7957720980009,4,"no",1.85752611481668,"B"
26.2981268854446,-28.7974143834923,4,"no",1.70610355246275,"B"
26.2972863671231,-28.8007977375214,3,"yes",1.67540270251734,"A"
26.299417829709,-28.7996435404032,1,"yes",1.99561881430679,"A"
26.2992474420857,-28.8008865820454,1,"yes",1.91989783212049,"A"
26.3014379725087,-28.8034306823412,12,"yes",1.84154406545939,"D"
26.297873462312,-28.8025292608867,1,"no",1.75570425593075,"A"
26.2966919191713,-28.7982774001209,3,"no",1.86454404557509,"A"
26.2997081736604,-28.7977560197794,3,"yes",1.7038257065636,"B"
26.2974058072749,-28.795534709888,5,"yes",1.69822660698874,"B"
26.2976170246394,-28.7937368488182,4,"yes",1.61990956630445,"B"
26.2980672200543,-28.7982338344755,2,"yes",1.89297930890633,"B"
26.3015898387614,-28.8053338140352,6,"yes",1.79792590126121,"D"
26.302655809807,-28.8036801038463,5,"yes",1.36533983417448,"D"
26.2986002885675,-28.8023277565576,6,"yes",1.67920250651195,"D"
26.2977427065856,-28.8043238065569,4,"yes",1.64142885774102,"D"
26.3010248493968,-28.796537404388,2,"no",1.74728329584275,"B"
26.2973421945166,-28.8014701641966,2,"no",2.04544469722287,"A"
26.3036144581928,-28.7981613077922,4,"yes",1.95527967130241,"C"
26.3020657334154,-28.7998452317377,6,"yes",2.06030600189057,"C"
26.298071244799,-28.8019469273655,3,"yes",1.81774650307557,"A"
26.3014472187952,-28.8060795379404,5,"yes",1.57826734971597,"D"
26.3008624556942,-28.8051071309389,5,"yes",1.68733183271669,"D"
26.2985017029989,-28.8061000634025,7,"yes",1.69791126434639,"D"
26.3009794571587,-28.8043025392374,5,"yes",1.94558495327105,"D"
26.302663099772,-28.8055060204614,8,"yes",1.80403416503731,"D"
26.2996608969154,-28.8030997174624,4,"yes",1.77063118216931,"D"
26.2979487860834,-28.8065078603911,7,"yes",1.77932548030335,"D"
26.2991147167219,-28.7969007444233,3,"no",1.82243912352553,"B"
26.2981913969385,-28.8057215469127,7,"yes",1.72547746272364,"D"
26.2983555892517,-28.8029524797159,7,"yes",1.96511579803631,"D"
26.2998483124851,-28.8027044568196,4,"yes",2.00046747682121,"D"
26.3005530178917,-28.7991627111932,7,"yes",1.96798863476586,"C"
26.2988499647289,-28.804881738885,4,"yes",1.98598303494329,"D"
26.299106429064,-28.794254648407,5,"no",1.77963294553001,"B"
26.2995167337776,-28.7984096209981,3,"no",1.76929107615466,"B"
26.299711367584,-28.7965773846575,2,"yes",1.96281195655826,"B"
26.2952498913236,-28.7995819707346,1,"yes",2.00950138026192,"A"
26.3007783691668,-28.8008087426045,5,"yes",1.67526957609961,"D"
26.2975972358857,-28.7995125660689,5,"no",1.4820484312854,"A"
26.301754879126,-28.8023607030572,10,"yes",1.99193154673631,"D"
26.2993544372623,-28.7956172808617,3,"no",1.84670367682872,"B"
26.3000849518611,-28.8025325712167,5,"yes",1.74317129260826,"D"
26.2996342276629,-28.8048908605931,5,"yes",1.64073731863788,"D"
26.295992866322,-28.7994663117641,3,"no",1.82493166897088,"A"
26.3009073088136,-28.7932145333594,4,"no",1.70466261467549,"B"
26.3000287146107,-28.8054733999348,6,"yes",1.84635342718822,"D"
26.2974670961455,-28.7997338560516,4,"yes",1.63052679267288,"A"
26.2994006745732,-28.7958921659531,3,"no",1.98742354768034,"B"
26.3020036946273,-28.8036569776165,5,"yes",1.78903335026951,"D"
26.3023379666506,-28.7991582052001,4,"yes",1.53177272988608,"C"
26.2997109349269,-28.7996856822187,5,"no",1.91254905295808,"B"
26.3017844315069,-28.8026947357362,4,"yes",1.61702734840816,"D"
26.2998231739002,-28.8040402204438,6,"yes",1.60247003552365,"D"
26.3013847348528,-28.7939231585289,7,"yes",1.85926236796807,"B"
26.3005293130119,-28.8034948790671,4,"yes",1.53420675281808,"D"
26.2978779425924,-28.7965694469379,3,"no",1.68820936105256,"B"
26.3021630668322,-28.8024181580442,7,"yes",1.87891714073704,"D"
26.3035222338018,-28.8011028856945,8,"yes",1.64457802459027,"C"
26.30161407093,-28.7998892189163,5,"yes",1.64173519956183,"C"
26.298943275741,-28.7976836972236,2,"no",1.73147536041133,"B"
26.2992478249093,-28.802914908338,4,"yes",1.8420668333825,"D"
26.3016482508219,-28.8019116587815,6,"yes",1.90712878346881,"D"
26.2970866991436,-28.7958774907663,3,"no",1.77987405994173,"B"
26.3004304925663,-28.799845542773,4,"yes",1.42696823960525,"C"
26.2952561318108,-28.7973232283907,4,"yes",1.73251952837046,"A"
26.3007718982023,-28.7965047947033,3,"yes",1.79298732685554,"B"
26.3005973449439,-28.804820974784,8,"yes",1.68016838694525,"D"
26.2975611029703,-28.796420023157,3,"no",1.48471782553955,"B"
26.2983332821482,-28.793550163698,6,"no",2.07778473673233,"B"
26.3060168313996,-28.8033960883184,8,"yes",1.55475476421645,"C"
26.2987357375936,-28.7973577650833,3,"no",1.72661447858069,"B"
26.3018397293995,-28.7977501872706,16,"yes",1.63856212365553,"C"
26.2936798804123,-28.7975189689226,1,"no",1.80674557586998,"A"
26.3009605580077,-28.8013402804879,4,"yes",1.80622624499122,"D"
26.2974141980371,-28.7951841565527,4,"no",1.5888987552954,"B"
26.2986960324107,-28.8010537780505,2,"no",1.42626851667214,"A"
26.3005283221561,-28.7993043839898,4,"yes",1.77327801286924,"C"
26.3023958823454,-28.799793792995,12,"yes",1.65305810562321,"C"
26.3005479660267,-28.8050461949083,5,"yes",1.5372275621604,"D"
26.3007069200521,-28.8081250642386,5,"yes",1.81504695621755,"D"
26.2994035065067,-28.8062344105913,9,"yes",1.66856233623848,"D"
26.3026216495271,-28.8032068074803,4,"yes",1.96238495274663,"D"
26.3007192016519,-28.7991432308545,5,"yes",1.93259488144742,"C"
26.3002717972845,-28.8023406163225,4,"yes",1.72892682315697,"D"
26.2981819238696,-28.793850718671,3,"yes",1.69113539078032,"B"
26.3008304333705,-28.8004329629659,4,"yes",1.75963618764616,"C"
26.2997964250176,-28.8024042200483,6,"yes",1.93964147978967,"D"
26.3008852286913,-28.800981972879,4,"yes",1.53345576479978,"D"
26.2974298177102,-28.7938046938436,5,"yes",1.84565892176559,"B"
26.3026113278077,-28.8026817456722,6,"yes",2.00930719482049,"D"
26.2995588487408,-28.7981038877487,4,"yes",1.75891375702518,"B"
26.2977215407373,-28.7972586490868,5,"yes",1.47509247806762,"B"
26.298908340751,-28.7971889535158,4,"no",2.0151254704578,"B"
26.2974114059093,-28.8041894076474,5,"yes",1.92104005717579,"D"
26.2983493226503,-28.7999194472753,1,"yes",1.70055982905712,"A"
26.30063058806,-28.8004580405417,5,"yes",1.76516318633169,"D"
26.3020585423327,-28.8046326348106,5,"yes",1.69891649905376,"D"
26.2971560190227,-28.7945922489977,4,"no",1.73272920569624,"B"
26.3010686616028,-28.8006455471731,5,"yes",1.59062988455134,"C"
26.3013427897828,-28.8039071124055,5,"yes",1.6168431116067,"D"
26.3011045294986,-28.7979328588972,3,"yes",1.44322761874139,"B"
26.295093991027,-28.797996351184,2,"no",1.63543347344958,"A"
26.2979356163147,-28.795129914452,5,"yes",1.48899538453981,"B"
26.2956390867052,-28.8019862364748,1,"yes",1.77506197827351,"A"
26.3010262306484,-28.8019642674002,6,"yes",1.96732004155565,"D"
26.3011598070685,-28.8025939028778,8,"yes",1.76418049065702,"D"
26.3029430253455,-28.8023183995541,10,"yes",1.61798068437027,"D"
26.3001285476829,-28.8001437063448,4,"yes",1.68662960395268,"D"
26.3026457279712,-28.8012211658243,9,"yes",1.670162860791,"C"
26.3012526449818,-28.8021605488943,7,"yes",1.41048929143992,"D"
26.301040096604,-28.8016852498342,5,"yes",1.75709234872302,"D"
26.2983245951186,-28.8012951329197,1,"no",1.92521942830846,"A"
26.3008902604125,-28.7962907808166,3,"no",1.67007783763126,"B"
26.2991388515957,-28.7996967585863,4,"yes",1.7015913552358,"A"
26.2974581587098,-28.80246066721,1,"no",1.95473881758625,"A"
26.3020886148974,-28.806973166524,6,"yes",1.77664152838827,"D"
26.2993351565609,-28.7965083832502,3,"no",1.73532763025819,"B"
26.300401778067,-28.8017107912862,4,"yes",1.74992506215137,"D"
26.2985534099796,-28.7956042207892,2,"no",1.65685058971333,"B"
26.3001963661217,-28.7975074450139,5,"yes",1.79596546416743,"B"
26.3046276024028,-28.8003348944783,6,"yes",1.6796368110356,"C"
26.299526663314,-28.7994449695397,2,"yes",1.98151046903479,"B"
26.3021289154113,-28.8033537066147,6,"yes",1.64868613921678,"D"
26.2999564646023,-28.7962159386794,6,"no",1.49963297536178,"B"
26.3011191521563,-28.7989626029219,5,"yes",1.44241849296506,"C"
26.3002286240116,-28.803120573214,4,"yes",1.78965280861847,"D"
26.2978200834938,-28.7938883528946,2,"no",1.79210508471037,"B"
26.3003313892342,-28.7950391378891,5,"yes",1.74772189687422,"B"
26.2972202271405,-28.7932423432453,4,"no",1.71324655716787,"B"
26.2979265996677,-28.793081471994,5,"yes",1.51894658154566,"B"
26.2976384761196,-28.8046895023929,5,"yes",1.75734915231564,"D"
26.2960818747581,-28.792895598387,2,"no",1.82706885957446,"B"
26.2972364290224,-28.8005348632407,2,"yes",2.14379225697763,"A"
26.2996442018761,-28.7931307817617,8,"no",1.65740721006834,"B"
26.3010871766524,-28.8036666818843,4,"yes",2.061359090272,"D"
26.3034272831219,-28.8055243965026,6,"yes",1.74027584267015,"D"
26.3022866308419,-28.8029124338454,7,"yes",1.79061386456302,"D"
26.3010834695597,-28.8007162005266,7,"yes",1.94576617506797,"D"
26.2947940182148,-28.7979611738377,8,"yes",2.13906954016743,"A"
26.3011729084188,-28.8011150514594,5,"yes",1.66431273612291,"D"
26.2980616017822,-28.7998394099003,3,"no",1.59430066810581,"A"
26.3014636421329,-28.8024930976601,5,"yes",1.8059933297769,"D"
26.296457878492,-28.7943831138388,2,"no",1.77980309746061,"B"
26.3021867166904,-28.8048072186498,6,"yes",1.77159957413082,"D"
26.2987320920916,-28.7980034457507,9,"no",1.45425936301703,"B"
26.298742370153,-28.8025885261593,5,"yes",1.7575994067374,"D"
26.3018846609415,-28.7969075243952,2,"no",1.65463938522241,"B"
26.2970781802872,-28.8007076477769,4,"yes",1.88661780530178,"A"
26.3009601551229,-28.8016187600668,6,"yes",1.6005760764603,"D"
26.2987435126809,-28.7943780800715,2,"no",1.72517626235559,"B"
26.3022371510161,-28.8000187714823,4,"yes",1.95789324112779,"C"
26.3013498502906,-28.8037848912938,7,"yes",1.62555101549306,"D"
26.2956419868185,-28.7976030917634,1,"no",1.52828672945517,"A"
26.3006414443125,-28.7950876078029,3,"no",1.63134548638453,"B"
26.299707082437,-28.8026529098108,5,"yes",1.56981908255626,"D"
26.3009769930297,-28.8030279664639,5,"yes",1.6984798127675,"D"
26.3019040348461,-28.8036652670504,4,"yes",1.73679659501889,"D"
26.3016993889921,-28.8022397369502,4,"yes",2.0595862439494,"D"
26.3002857516859,-28.7944633861601,6,"yes",1.58444572071138,"B"
26.3021446265485,-28.8028662368927,7,"yes",1.7335778270621,"D"
26.3006363777915,-28.8037271832372,5,"yes",2.04193692982111,"D"
26.3025398021795,-28.8043825056001,4,"yes",1.76083082859915,"D"
26.3041356487262,-28.802610430322,6,"yes",1.66516213987231,"C"
26.2968678693681,-28.7986087559433,2,"yes",1.6118144562602,"A"
26.300636443704,-28.7964095589596,3,"no",1.56028545712761,"B"
26.2973995700513,-28.7997982096341,3,"no",1.83711776309115,"A"
26.3051672378431,-28.799400584013,6,"yes",1.77320886041849,"C"
26.2992097140498,-28.8022895321506,4,"yes",1.5624687223218,"D"
26.303184174727,-28.8025096071453,4,"yes",1.42920860070874,"D"
26.3011763907215,-28.8021963512707,4,"yes",1.75236512040179,"D"
26.2992607121538,-28.8000073039472,3,"no",1.98369641319676,"A"
26.2969130165345,-28.7961221387094,5,"no",1.71428442871193,"B"
26.3013638752676,-28.8073343386168,7,"yes",1.98556809446593,"D"
26.3007809402368,-28.7959310694169,2,"no",1.71058736544726,"B"
26.3006499940897,-28.8005915388187,7,"yes",1.51835135685096,"D"
26.3017775279387,-28.8043733937501,5,"yes",1.76857762720293,"D"
26.2980701618779,-28.8010643129435,2,"no",1.8782781180052,"A"
26.3018460079788,-28.8057574810606,10,"yes",1.64331063302019,"D"
26.3030933576612,-28.7963742463389,6,"yes",1.64870176039843,"C"
26.3070278523894,-28.8036669831558,4,"yes",1.55991779268247,"C"
26.3037486221973,-28.8065920064214,5,"yes",1.74147780938049,"D"
26.3022392352522,-28.7960166662157,3,"no",1.61626274238119,"B"
26.3004848957767,-28.7988548192084,3,"no",2.1010091406817,"B"
26.2994280667372,-28.7995532971739,6,"yes",1.8164513607989,"B"
26.3000217065575,-28.7958401208504,4,"no",1.96291175047959,"B"
26.3011108854999,-28.7991007158593,6,"yes",1.81988853371459,"C"
26.2953339217059,-28.7943046796804,2,"no",1.53533320131023,"B"
26.3019480019224,-28.7935753683164,3,"yes",1.58579913550783,"B"
26.2977532605311,-28.803677760906,6,"yes",1.7706202459058,"D"
26.297097561696,-28.7973101530173,5,"no",1.73634976540518,"B"
26.3013565213337,-28.7951750944751,3,"yes",1.98263887174731,"B"
26.3015066807664,-28.7950982430919,5,"yes",1.65427790723215,"B"
26.2986490932778,-28.8002475930146,2,"no",1.52115081175566,"A"
26.297443521623,-28.7942789355214,3,"no",1.90497817702725,"B"
26.3038245565749,-28.8051746006907,5,"yes",1.78755129165345,"D"
26.2991770454786,-28.7987501938939,3,"yes",1.39448298010771,"B"
26.2996916626135,-28.7981919648091,5,"yes",1.84928741107369,"B"
26.300333242022,-28.7974172124248,2,"no",1.78346804580567,"B"
26.2951156189977,-28.8006749603784,3,"yes",1.95055439903708,"A"
26.3004087158572,-28.8032034776616,5,"yes",1.89419549273817,"D"
26.3004030799241,-28.8018355047361,8,"yes",1.6821909228582,"D"
26.2940375298389,-28.7981736780045,5,"no",1.68982094900727,"A"
26.298613322701,-28.8003022240876,3,"no",1.64236041951055,"A"
26.2962163218981,-28.797436139851,8,"no",1.85692807873284,"B"
26.2992720124107,-28.802286076838,6,"yes",1.70063057441847,"D"
26.3018804700095,-28.799380088169,7,"yes",2.03199012059159,"C"
26.2990424797701,-28.8003053936171,8,"no",1.97425930887579,"A"
26.3024441842995,-28.8001795142808,6,"yes",1.75477022907142,"C"
26.3026915117639,-28.8073013042183,4,"yes",1.79898728836252,"D"
26.3012168135042,-28.7998905132203,5,"yes",1.56222771562933,"C"
26.3014371571467,-28.7937427224915,3,"no",1.82663863691608,"B"
26.2990485300329,-28.7981622763394,6,"no",1.9142581416361,"B"
26.2983939905455,-28.8002880704771,3,"yes",1.52103245586326,"A"
26.3030961078892,-28.7963312302538,3,"yes",2.01942867791091,"C"
26.3006886399205,-28.8040793137392,5,"yes",1.74942904349289,"D"
26.2962602635612,-28.796560299721,2,"yes",1.80672137484865,"B"
26.3025034974073,-28.8047152770576,4,"yes",2.08959115598013,"D"
26.3013202569583,-28.8041242425755,11,"yes",1.90050014390158,"D"
26.2999937932937,-28.8058814580017,5,"yes",1.63077948685259,"D"
26.2994008787312,-28.7983175496115,3,"yes",1.54652353552063,"B"
26.2998986204962,-28.7994440200668,3,"yes",1.79471029976772,"B"
26.2998750271191,-28.796241319781,4,"no",1.98559627114857,"B"
26.3009689171163,-28.8023447910982,6,"yes",1.9631602941183,"D"
26.3026042347935,-28.8002824479804,3,"yes",1.61398222912773,"C"
26.2998784248329,-28.8026709053331,4,"yes",1.5710508389624,"D"
26.2968485863245,-28.7977472692559,3,"no",1.8391478493747,"B"
26.2973969445803,-28.795528653046,3,"no",1.4127722583519,"B"
26.3018688396359,-28.8017037789562,8,"yes",1.70493405994522,"D"
26.2995300287721,-28.7946688929427,2,"yes",1.71538711439789,"B"
26.3030308515177,-28.8039274800508,6,"yes",1.51204667117524,"D"
26.3002226795632,-28.7960596983567,6,"yes",1.86801858511102,"B"
26.3001351576755,-28.7981341824375,4,"yes",2.00196602613669,"B"
26.2967983904624,-28.800556209153,3,"yes",1.79785606327921,"A"
26.2981255963207,-28.8021128635079,1,"no",1.60929961195458,"A"
26.2999756514725,-28.801079183558,4,"yes",1.84979044538057,"D"
26.3025592418685,-28.7998303459521,3,"yes",1.7354004368307,"C"
26.3013056168799,-28.8023129942421,9,"yes",1.73115167112289,"D"
26.3006070597352,-28.8046700085759,9,"yes",2.01479630813694,"D"
26.3021453415714,-28.8021134051257,5,"yes",1.58402139626903,"D"
26.29587492183,-28.7992991727979,1,"no",1.73372129943798,"A"
26.2984223753002,-28.8024762244395,8,"yes",1.73708822891163,"D"
26.2994041087215,-28.8048587193517,6,"yes",1.55949271710498,"D"
26.3005069805062,-28.8010515524352,8,"yes",1.93206365114202,"D"
26.2985622646271,-28.8064164174644,5,"yes",1.75816291941124,"D"
26.2975849851372,-28.7965692459935,6,"no",1.4596711436975,"B"
26.2987433600058,-28.7955468475333,3,"yes",1.83523603849666,"B"
26.2986018171505,-28.801652647523,2,"yes",1.65848546931407,"A"
26.3006500056588,-28.8060518909955,5,"yes",1.74047788383504,"D"
26.2996691517296,-28.801405551711,5,"yes",1.94444364389976,"D"
26.3004152514752,-28.7977757249404,3,"yes",1.75741092845263,"B"
26.3018540640547,-28.7973437190855,3,"yes",1.84693391650545,"C"
26.3021808009618,-28.7997303777186,5,"yes",1.79075254575011,"C"
26.2989318990054,-28.8059967909924,6,"yes",1.55692168974526,"D"
26.3002563406165,-28.7978970455565,4,"no",1.50535014792135,"B"
26.301550021155,-28.8033556057363,5,"yes",1.48178292971294,"D"
26.3002473286665,-28.7988327294476,2,"no",1.74891512880632,"B"
26.2964595000164,-28.7971051243331,2,"yes",1.53066745136708,"B"
26.305445033195,-28.8045793049955,4,"yes",1.55662094547204,"D"
26.2999381172316,-28.7995802211738,3,"no",1.86327310115502,"B"
26.2987163531123,-28.7969783491725,3,"yes",1.47727481492594,"B"
26.2961668629804,-28.8021065160995,2,"no",1.75774533570378,"A"
26.3003075564885,-28.8032579783685,5,"yes",1.68032496889876,"D"
26.2974684845142,-28.8038276773947,1,"no",1.88211825884005,"A"
26.2974311508621,-28.7972815005611,5,"no",1.71840576794805,"B"
26.2997105714194,-28.7925481646334,6,"yes",1.52594374708004,"B"
26.2968315438667,-28.7981996011344,6,"yes",1.68731449247442,"A"
26.2985934665969,-28.8031671332088,9,"yes",1.71995743852723,"D"
26.3014937125944,-28.8066917709918,10,"yes",1.71973318131458,"D"
26.3020046701496,-28.7980714237789,5,"yes",1.79231636533943,"C"
26.3037168423736,-28.8000071546969,7,"yes",1.80938675557523,"C"
26.2993010400361,-28.8006182809737,2,"yes",2.00748910665385,"A"
26.2981670959225,-28.7977638511853,3,"yes",1.61889414608657,"B"
26.2979739540073,-28.8045360597884,5,"yes",1.58225302799136,"D"
26.2951030534308,-28.7963567720466,10,"no",2.25653676875507,"B"
26.2971459265136,-28.798808062386,3,"no",1.72840097523947,"A"
26.2972092143717,-28.7965951916844,3,"no",1.86889676964097,"B"
26.3020484105165,-28.79272028583,4,"yes",1.93167520396716,"B"
26.3037294238596,-28.8045454940263,8,"yes",1.66742662269521,"D"
26.3004867230375,-28.8017190467711,5,"yes",1.89183077833091,"D"
26.2980035385843,-28.8016747297195,3,"yes",1.70830315332006,"A"
26.3038132873141,-28.7981130851838,4,"yes",1.75320466935556,"C"
26.3006132850695,-28.801889266816,5,"yes",1.90429513824306,"D"
26.30133019295,-28.8056751511287,5,"yes",1.50764155871574,"D"
26.2973771821364,-28.7990464617252,8,"no",1.98880721877909,"A"
26.298798619808,-28.8031675103519,6,"yes",1.8893985527584,"D"
26.3020659749776,-28.803067595804,8,"yes",2.07151398958215,"D"
26.3015390811143,-28.8048341045651,8,"yes",1.76530055757218,"D"
26.2992829887755,-28.8018798585423,5,"yes",1.76714071373025,"D"
26.3014390795772,-28.8004419301056,3,"yes",1.75522396893595,"C"
26.2999144117467,-28.8027056339102,8,"yes",1.67137675873134,"D"
26.3019136621209,-28.7968090886036,3,"yes",1.77897541880451,"B"
26.3027695539723,-28.8001705704804,8,"yes",1.6419271787199,"C"
26.3006658458359,-28.8037155756493,8,"yes",1.69070138797773,"D"
26.3007475210893,-28.8013687171007,7,"yes",1.86463174291874,"D"
26.3041009754759,-28.7998461004641,4,"yes",1.64538877552115,"C"
26.3001364429979,-28.7993183977943,3,"yes",1.85091828002295,"B"
26.298538725722,-28.8000387448071,2,"no",1.65868898120348,"A"
26.299634622384,-28.8029986130181,6,"yes",1.78862285985625,"D"
26.2998104372171,-28.7946498676876,8,"yes",1.68763748779947,"B"
26.3047418521504,-28.8021642671659,3,"yes",1.83666936025552,"C"
26.2972727900328,-28.7990168869334,4,"no",1.58563073794223,"A"
26.3018115883262,-28.8074021130478,7,"yes",1.87078238275366,"D"
26.2970889548467,-28.7962301566484,5,"no",1.73691422268898,"B"
26.3000905278697,-28.7986230436629,9,"no",1.78760953236336,"B"
26.2993346129657,-28.7956232009464,3,"no",1.70582648337095,"B"
26.2995619522131,-28.7977937988615,5,"no",1.35315705914013,"B"
26.3038813924169,-28.794394571546,8,"yes",1.72519849052895,"C"
26.2984176769177,-28.7938170709454,3,"no",1.83085117179364,"B"
26.2967625007593,-28.7962750991632,4,"no",1.87609260934049,"B"
26.2998679624648,-28.8038116328337,9,"yes",1.697229524553,"D"
26.2978339503928,-28.8054187221714,5,"yes",1.68969914892203,"D"
26.3012676153632,-28.7990948810802,3,"yes",1.74133304078454,"C"
26.3007504779765,-28.8008953993202,5,"yes",1.77745282199191,"D"
26.3031625359798,-28.8017814866381,5,"yes",1.59890589511127,"C"
26.2970390347227,-28.7959037348293,2,"no",1.71576523953835,"B"
26.2975599063787,-28.7977098996694,12,"no",1.89169007045646,"B"
26.2994327329132,-28.799600362909,3,"yes",1.89261142333831,"B"
26.3013062548528,-28.7989241514785,6,"yes",1.86454059457344,"C"
26.2987771571624,-28.8018417620213,5,"yes",1.49757232123117,"D"
26.2953600417556,-28.8001487603031,4,"no",1.92924500237628,"A"
26.3001648970675,-28.8028694170472,5,"yes",1.78749936465079,"D"
26.297338348898,-28.7969526622966,3,"yes",1.67975833994881,"B"
26.3026086464814,-28.8030472193468,5,"yes",1.80369794331531,"D"
26.2967362648172,-28.7967326988909,4,"no",1.62469126624063,"B"
26.2956673790181,-28.7984440643675,2,"no",1.77678342514445,"A"
26.3020815191786,-28.8029798050481,5,"yes",1.71130780077547,"D"
26.2950764416953,-28.7983668327353,2,"no",1.68050043914691,"A"
26.2977514654915,-28.8035437084309,6,"yes",1.48732845719541,"D"
26.2988245682988,-28.7993478461207,5,"no",1.57339729903492,"A"
26.3015510248712,-28.8025808299726,4,"yes",1.87781302919001,"D"
26.3019128274526,-28.8036029894225,5,"yes",1.88756686438657,"D"
26.2997672562109,-28.8016775632704,6,"yes",1.62450133502186,"D"
26.2999124180396,-28.798918065171,3,"no",1.72831943044994,"B"
26.3047519486869,-28.8016598421231,4,"yes",1.75592742468307,"C"
26.2998273025318,-28.7974899227791,4,"yes",1.55901067644234,"B"
26.3003705595009,-28.8043475983774,10,"yes",1.42497052875312,"D"
26.301449672468,-28.8046977691885,7,"yes",1.563708960752,"D"
26.3014950410182,-28.7962127123921,2,"no",1.68375611024106,"B"
26.3000708682452,-28.7960651336651,2,"no",1.84717185580935,"B"
26.2997640242862,-28.7947866857363,12,"no",1.59854741255395,"B"
26.2998626204304,-28.7966687004238,4,"yes",1.34623492154866,"B"
26.3021512558526,-28.796876846715,3,"yes",1.76967204056057,"C"
26.2981409149911,-28.8008592984535,7,"yes",1.89557107926732,"A"
26.3013576304415,-28.7943302201748,9,"yes",1.76230465982622,"B"
26.2938966721919,-28.7954532328372,5,"no",1.93366207330888,"B"
26.2991118149174,-28.8005138115659,7,"no",1.86531682610058,"A"
26.2983099994109,-28.8005138982735,1,"yes",1.62302356906413,"A"
26.2983666534778,-28.7933540004686,3,"yes",1.91965147296963,"B"
26.2996388379824,-28.7945320999461,3,"no",1.80234290907289,"B"
26.2987548139964,-28.8018095553534,1,"no",1.83717634864806,"A"
26.2995867138041,-28.8076109578945,5,"yes",1.76653738451867,"D"
26.3010455451536,-28.8015664300455,5,"yes",1.57630022017638,"D"
26.2973840240776,-28.7975773445692,4,"yes",1.62296833651669,"B"
26.29935239839,-28.8028424901074,6,"yes",1.78098912661174,"D"
26.3001527817445,-28.8030501293517,6,"yes",1.9178315480062,"D"
26.2992354307152,-28.7966603758021,7,"no",1.39018263900171,"B"
26.3001798907307,-28.8030214465227,6,"yes",1.75605174279759,"D"
26.2992790620221,-28.7945343139869,4,"yes",1.72991384776483,"B"
26.2984316616435,-28.7982535092719,2,"no",1.83818936218527,"B"
26.2986358000412,-28.7994836200573,6,"yes",1.76601867773396,"A"
26.300776840521,-28.7975433773906,2,"no",1.85898673876617,"B"
26.298183190007,-28.7996752423386,2,"yes",1.65373218336827,"A"
26.2995887898047,-28.7979851035767,2,"no",1.81311438671922,"B"
26.3003414662367,-28.8025442224495,4,"yes",1.76871199129441,"D"
26.3018631935576,-28.8004438726933,3,"yes",2.11431118625647,"C"
26.3032142536901,-28.8060830960522,4,"yes",1.95744403678915,"D"
26.2992434252508,-28.8021483891337,5,"yes",1.73809381862688,"D"
26.3008888063886,-28.8062674174548,4,"yes",1.67379571949317,"D"
26.2990820879214,-28.8048136123575,9,"yes",1.65409887690546,"D"
26.2971486684286,-28.7962864348865,3,"no",1.69718439034227,"B"
26.2986849340666,-28.8061339644679,6,"yes",1.82963796314792,"D"
26.3021389973047,-28.8027660285821,8,"yes",1.7159443585778,"D"
26.2946626411048,-28.7957540817039,14,"yes",1.64222519019886,"B"
26.2972629739098,-28.7949551255601,3,"no",1.67121941420481,"B"
26.3058444649218,-28.7970422157354,3,"yes",1.53857367229506,"C"
26.2974967413992,-28.796740568775,4,"no",1.82243134583287,"B"
26.2986246052906,-28.8002656660814,3,"no",2.05710311793699,"A"
26.3024307411036,-28.8053619664186,9,"yes",1.90288007643101,"D"
26.2988796610958,-28.7947514015748,4,"no",1.44549482377357,"B"
26.2977741617021,-28.7959711894434,4,"yes",1.82671647856673,"B"
26.2981342396325,-28.7965363919416,2,"yes",1.63353210498527,"B"
26.298517619179,-28.7979238724002,3,"no",1.77801789777293,"B"
26.2994992563968,-28.7971769062491,2,"yes",2.03810000128441,"B"
26.3016755073429,-28.7984463026668,3,"yes",1.58716591351965,"C"
26.2991776139181,-28.7967205344219,4,"no",1.79391915287784,"B"
26.3035681391698,-28.801798733393,3,"yes",1.73868362767309,"C"
26.3017542311862,-28.7968709401541,3,"no",1.88895026795312,"B"
26.3003431904537,-28.8035745871879,10,"yes",1.75888165016404,"D"
26.2976715234885,-28.8038160466351,8,"yes",1.57247552981948,"D"
26.3023144142129,-28.7984672716429,3,"yes",1.68715095185176,"C"
26.3025636465291,-28.8013076216085,13,"yes",1.63032876555104,"C"
26.3034342915942,-28.805411425072,10,"yes",1.69689401203434,"D"
26.2996761997231,-28.8000497916944,3,"yes",1.85552591494452,"A"
26.3037705702877,-28.7957178257548,3,"yes",1.7509370007615,"C"
26.3002385688721,-28.8054232574855,5,"yes",1.55902449748529,"D"
26.300971360784,-28.7980815535113,3,"yes",1.83800947756649,"B"
26.3018603432396,-28.7961690321081,7,"no",1.84875748243042,"B"
26.3024925156007,-28.8012840908872,6,"yes",1.65920781638385,"C"
26.2996524653895,-28.7951919263912,2,"yes",1.71943062957724,"B"
26.2975757584559,-28.7941689596246,6,"no",1.67635475757629,"B"
26.3010425863309,-28.795972426079,3,"no",1.83206893030661,"B"
26.2976313417808,-28.8018117575168,2,"yes",2.00502536770566,"A"
26.300695296722,-28.8021238754423,5,"yes",1.91420488744076,"D"
26.2990483878902,-28.799904150994,1,"no",1.36185695594567,"A"
26.3002747044031,-28.7947177556259,13,"no",1.74356191008156,"B"
26.2957736583614,-28.7975980024912,5,"no",1.60692389794117,"A"
26.2994811427285,-28.8002908575162,2,"yes",1.75923850317303,"A"
26.2984576499244,-28.8015637905508,4,"yes",1.88198331361041,"A"
26.2978442607829,-28.7951935335669,2,"no",1.77041810345747,"B"
26.3022581815713,-28.7996020264633,4,"yes",1.69681623886845,"C"
26.3008794026289,-28.8063739085071,4,"yes",1.8342269922737,"D"
26.2983967743477,-28.8027683953916,5,"yes",1.72667743423735,"D"
26.2994793342947,-28.8028186688191,5,"yes",1.77887795333671,"D"
26.3008163159514,-28.7982833481731,2,"no",1.75111235973482,"B"
26.2987772102438,-28.7963698767298,10,"no",1.61787208763709,"B"
26.297921761606,-28.7995203007774,2,"no",1.93164203294207,"A"
26.2991035354361,-28.8027983200914,7,"yes",1.80019264822263,"D"
26.2994068338399,-28.7929322223901,2,"yes",1.55104431696597,"B"
26.3010219161423,-28.8033538736539,5,"yes",1.79046966991969,"D"
26.2997628259697,-28.80093702339,9,"yes",1.60657401315751,"D"
26.3037523880069,-28.8034363267572,4,"yes",1.77949406417735,"D"
26.3001659481282,-28.7946609359638,5,"yes",1.70894357354647,"B"
26.294804462842,-28.7969935954978,9,"yes",1.81920007790118,"A"
26.3014382748378,-28.7985889217612,9,"yes",1.74573507102729,"C"
26.2998477716296,-28.80229902906,8,"yes",1.79653342079808,"D"
26.2945798276012,-28.79663688288,8,"yes",1.66000453979047,"A"
26.3021476289297,-28.7979122158471,7,"yes",1.57240233854681,"C"
26.2988419234115,-28.8003468570335,6,"no",1.84499109069684,"A"
26.2967966029479,-28.7978536700493,3,"no",1.85560051115675,"B"
26.3025137541091,-28.8016713489661,6,"yes",1.72572664497079,"D"
26.2958882653306,-28.8017499679112,2,"no",1.93950773412853,"A"
26.2992456004565,-28.7963466971673,12,"no",1.90243175472899,"B"
26.300673219323,-28.8033650471858,6,"yes",1.78381954618609,"D"
26.3016641814787,-28.8059144277908,5,"yes",1.73813719327765,"D"
26.2968063068044,-28.7974669500613,5,"no",1.72904017882585,"B"
26.3045493703536,-28.8030191540656,9,"yes",1.81300233784206,"D"
26.2991176153644,-28.8025892201492,9,"yes",1.86969378633722,"D"
26.3023156080672,-28.801601877159,5,"yes",1.67908292702488,"D"
26.3024527665635,-28.803406378555,4,"yes",1.77565918235036,"D"
26.3017913571287,-28.8023709069418,6,"yes",1.76061742026208,"D"
26.299019806453,-28.7993255773575,6,"yes",1.64458425643355,"B"
26.298775646339,-28.7993030483619,2,"yes",1.58601174249349,"A"
26.2987884739156,-28.8010641165922,3,"no",1.69941351448258,"A"
26.2999920747224,-28.7971406162667,3,"no",1.66311838521608,"B"
26.2973740048471,-28.7997772507881,1,"no",1.71630657205949,"A"
26.296462569322,-28.799229073445,2,"no",1.49333626319963,"A"
26.3009004577392,-28.8013420865755,6,"yes",1.80614343201048,"D"
26.2959668901333,-28.7971335790863,5,"no",1.82204581943649,"B"
26.3012706476177,-28.8026300686791,5,"yes",1.9334765986921,"D"
26.3026885721969,-28.8040494862269,5,"yes",1.54718227388639,"D"
26.2980114218597,-28.8019113671299,6,"no",1.39288267117617,"A"
26.3001206063124,-28.807154672676,5,"yes",1.71779659740744,"D"
26.2965589619425,-28.8014258971003,3,"yes",1.9274872683803,"A"
26.29791113587,-28.8070205972517,8,"yes",1.68723008256204,"D"
26.2999628958088,-28.7964311263357,3,"yes",1.87009678742545,"B"
26.2983087122654,-28.7956706808419,5,"yes",1.65883373042625,"B"
26.3023158185379,-28.8041638223044,5,"yes",1.76358763852154,"D"
26.302393078669,-28.8026098218494,7,"yes",1.70297774756217,"D"
26.3016314298632,-28.80080854075,5,"yes",1.87691311074997,"C"
26.2980044655101,-28.8065191365339,6,"yes",1.7835141805876,"D"
26.300160879179,-28.8035399891185,6,"yes",2.11791438800774,"D"
26.3009781109535,-28.8041794992749,13,"yes",1.55281070150505,"D"
26.3014972754544,-28.7995353129293,7,"yes",1.55594608307657,"C"
26.304243511227,-28.8074488665269,7,"yes",1.88183557298614,"D"
26.3011479735351,-28.8015919481953,5,"yes",1.73710424946711,"D"
26.2999834177616,-28.8059784800806,4,"yes",1.90808730920942,"D"
26.2995587302125,-28.7936668145637,2,"no",1.71710371362732,"B"
26.3009500337841,-28.8035497010477,4,"yes",1.69268723712957,"D"
26.3007283202221,-28.8032135290873,4,"yes",1.29939555973503,"D"
26.3030307324439,-28.8027110517233,4,"yes",1.73565494690704,"D"
26.3007640909907,-28.8025328417521,4,"yes",1.70386272964153,"D"
26.2994687115591,-28.7944774733246,5,"no",1.88547493347901,"B"
26.2956268628158,-28.7986450885672,2,"no",1.55886716981666,"A"
26.2993934959832,-28.7980639769065,2,"no",1.61208264772503,"B"
26.3009084509202,-28.8033371846036,5,"yes",1.5989881169955,"D"
26.2947646509242,-28.7960158350163,2,"yes",1.99407407838288,"B"
26.3024242430006,-28.8050480438466,5,"yes",1.63507022961068,"D"
26.2964175602248,-28.801845102665,2,"no",1.80369324434458,"A"
26.2970911002397,-28.799901348323,3,"no",2.03122526941869,"A"
26.3023222073887,-28.8049468400088,4,"yes",1.66394755722399,"D"
26.2964160550186,-28.8004573284289,2,"no",1.60676653757904,"A"
26.3010691482702,-28.8036440875443,9,"yes",1.67780799925706,"D"
26.3032943156346,-28.8004449377861,5,"yes",1.80114878459858,"C"
26.2995839701834,-28.7980912595502,3,"no",1.689788943607,"B"
26.3023115804449,-28.7963188323551,9,"yes",1.47842044364856,"B"
26.3016011651851,-28.8031884961,7,"yes",1.7554510149262,"D"
26.3008360848218,-28.7977916018332,4,"no",1.78969503775418,"B"
26.2963307345891,-28.7979244720961,3,"yes",1.91458213065692,"A"
26.303007021851,-28.8021306377548,5,"yes",1.66981368651807,"D"
26.3028985385711,-28.7965967472426,4,"yes",1.78213271295943,"C"
26.2989847532016,-28.7973646756151,2,"no",1.76761675178499,"B"
26.3009512534264,-28.8036628541564,5,"yes",1.70464596283322,"D"
26.2973438042507,-28.797913436088,4,"yes",1.83772893814552,"B"
26.3013992846891,-28.8020920105295,10,"yes",1.9492872999748,"D"
26.3011222048298,-28.7929953370747,3,"no",1.82406983856137,"B"
26.2990575356493,-28.7993036690314,3,"no",1.61238134432255,"B"
26.2992429391687,-28.800681816394,3,"no",1.60951140493346,"A"
26.2987080740538,-28.7982166894996,3,"no",1.70336871673057,"B"
26.3004887448112,-28.8010265119881,6,"yes",1.92943348683453,"D"
26.3000837008665,-28.7951865438731,6,"no",1.71820450877116,"B"
26.2992127169421,-28.8006754232703,6,"no",1.72101644830101,"A"
26.2963763129358,-28.7920059672476,4,"no",1.92911529728106,"B"
26.3019273420939,-28.8022380969858,6,"yes",1.83876697962655,"D"
26.3020161799613,-28.7972393492349,7,"yes",1.43719432373793,"C"
26.3024407476313,-28.8021918567029,6,"yes",2.06362389743894,"D"
26.3026894338736,-28.807362011842,4,"yes",1.72231189383677,"D"
26.3000195875848,-28.7983920877063,4,"yes",1.84227487350738,"B"
26.2982018056803,-28.8022949790316,3,"no",1.62405434958898,"A"
26.3017246268544,-28.8019725115312,9,"yes",2.00636888071389,"D"
26.2991010779691,-28.800325077747,2,"no",1.33038075596466,"A"
26.2992807300455,-28.7993668791197,2,"no",1.68832682425112,"B"
26.3018188152791,-28.7945887847417,3,"yes",1.59436848043441,"B"
26.3007399983718,-28.8035901031437,5,"yes",1.80934477302102,"D"
26.3035278372719,-28.8004023865694,4,"yes",1.69245217538949,"C"
26.298489608581,-28.7974495681494,2,"no",1.72616962702046,"B"
26.3024016056606,-28.8014595101058,6,"yes",1.72836006471582,"C"
26.3009321140247,-28.7961752816905,4,"no",1.79953820701617,"B"
26.2992726061523,-28.7968669906508,4,"yes",1.53855603160867,"B"
26.2983285812793,-28.8022793666673,3,"no",1.73740171997676,"A"
26.3021251336093,-28.8016503508734,5,"yes",1.90312831149642,"D"
26.3021717773171,-28.7986110328745,3,"yes",1.84973682472135,"C"
26.3017022939834,-28.7939298320663,6,"no",1.96935154300872,"B"
26.2959359126811,-28.7981827191879,2,"no",1.8065637314212,"A"
26.2954850091597,-28.7973511200056,3,"yes",1.54190147846254,"A"
26.3011265354976,-28.8034645394789,5,"yes",1.7871396338477,"D"
26.3024814614039,-28.8043849976077,4,"yes",1.81715180650909,"D"
26.3016147433987,-28.797566905649,6,"yes",1.66155893550509,"C"
26.302479546425,-28.802567230268,10,"yes",1.99819147610152,"D"
26.2982088546726,-28.8021317483099,1,"yes",1.5697325260596,"A"
26.2974922785985,-28.8012948396238,3,"no",1.98957759194525,"A"
26.2991215024077,-28.804649103705,5,"yes",1.82190475125826,"D"
26.2986032470773,-28.7979578119871,2,"no",1.80891928882935,"B"
26.2979028299909,-28.7980663724762,4,"no",1.63286790928747,"B"
26.2997552665929,-28.8018383280616,7,"yes",1.93225102060766,"D"
26.296966141018,-28.8026380293453,1,"no",1.70801092241367,"A"
26.2995061506771,-28.7967438901484,6,"yes",1.78955551011127,"B"
26.3002453691717,-28.7985554253171,6,"no",1.72059113800853,"B"
26.2958760341168,-28.7959141099981,4,"yes",1.90443912361944,"B"
26.3015851582717,-28.7949450242034,3,"no",1.94787952539763,"B"
26.3018194777007,-28.8033820237813,4,"yes",1.63066597735349,"D"
26.3021861871977,-28.7991648563115,3,"yes",2.00478760681577,"C"
26.3027916519191,-28.8014381267434,4,"yes",1.53916416029117,"C"
26.3020406957824,-28.8067749008961,8,"yes",1.65839615520225,"D"
26.2996051225986,-28.7992392255517,4,"no",1.72660895344874,"B"
26.2998614592152,-28.796411927445,3,"no",1.75148774756655,"B"
26.3012259492888,-28.7989018818486,3,"yes",1.68171169610277,"C"
26.3002025884672,-28.7980673481204,2,"no",1.66105283889953,"B"
26.296954282419,-28.8029762445029,2,"no",1.47906608808099,"A"
26.3005585874309,-28.8003061943878,3,"yes",1.75667405921628,"C"
26.2991823291827,-28.8056331953351,4,"yes",1.77636894435652,"D"
26.3021582573011,-28.8044779216176,7,"yes",1.77834087414398,"D"
26.2990341023214,-28.8035746060332,4,"yes",1.86452004139645,"D"
26.3049845545119,-28.8030124332422,4,"yes",1.65195549596798,"C"
26.3009129268732,-28.8055043350389,7,"yes",1.68292117263723,"D"
26.3011467544278,-28.7967976904965,4,"no",1.85540483677966,"B"
26.2981595784823,-28.7980364303452,2,"yes",1.6295996942778,"B"
26.2990017879531,-28.7930050184906,2,"no",1.87920298117301,"B"
26.3014414420178,-28.7985771796379,4,"yes",1.5307547838507,"C"
26.2984110918617,-28.7950099224131,4,"no",2.02250002966694,"B"
26.3005649730838,-28.8041876142632,6,"yes",1.84224397167943,"D"
26.3019484413663,-28.8008221397311,3,"yes",1.41623424742901,"C"
26.2991786800337,-28.7953494569814,7,"no",1.95752328279236,"B"
26.2993035229133,-28.8020683408911,10,"yes",1.88108856100193,"D"
26.3012838731597,-28.7990647762121,3,"yes",1.89278724593546,"C"
26.2967151399287,-28.7996000441898,2,"no",1.68876910525905,"A"
26.3002859927878,-28.7973708403783,3,"no",1.93999439887788,"B"
26.2982508569804,-28.7989402163356,5,"no",1.9251231487813,"A"
26.2983114612449,-28.8081397569112,5,"yes",1.60244550033392,"D"
26.3022044214723,-28.7982818273951,4,"yes",1.69301443291406,"C"
26.3026588734226,-28.8015817924658,4,"yes",1.83249051185643,"C"
26.2987573859724,-28.7990953830262,2,"no",1.80993723533348,"B"
26.3020044306051,-28.7989980092121,8,"yes",2.03943763625526,"C"
26.3010058275556,-28.7965777873854,2,"no",1.79028553349851,"B"
26.3000347348703,-28.8033637170268,8,"yes",1.62015246144765,"D"
26.2996669060003,-28.8030525673253,6,"yes",1.69205111542883,"D"
26.2997062141593,-28.8007999005505,4,"yes",1.62098653832019,"D"
26.2952874535719,-28.8030340209153,1,"yes",1.62092310538342,"A"
26.3002431970345,-28.8008514033639,4,"yes",1.68644160254875,"D"
26.2987554158982,-28.8025521386173,5,"yes",1.63673385960483,"D"
26.3038102093955,-28.8015076501995,4,"yes",1.64127043889839,"C"
26.3013585865422,-28.8026075824448,6,"yes",1.71709056595863,"D"
26.2967477610775,-28.8052990731321,6,"yes",1.73871043497693,"D"
26.2993784124508,-28.7974012382927,4,"no",1.76180550505406,"B"
26.3023394239409,-28.804563852363,7,"yes",1.80617402365105,"D"
26.2989274384935,-28.7981858087242,8,"no",1.73825717942574,"B"
26.2992036414988,-28.797809114125,4,"yes",1.78392966805637,"B"
26.3037644594051,-28.8007895308199,4,"yes",1.91331206684354,"C"
26.3020628220686,-28.7991579389979,3,"yes",1.74679701847654,"C"
26.3005195528155,-28.7958911636264,2,"no",1.82411083069975,"B"
26.3023316863102,-28.8054897058434,8,"yes",1.80902837600018,"D"
26.3010182511097,-28.8021489789122,6,"yes",2.01161223802032,"D"
26.3001196557989,-28.8037036638734,8,"yes",1.78950779803048,"D"
26.3013733699202,-28.7989694564274,4,"yes",1.84024214200768,"C"
26.3012151932333,-28.7947908703008,4,"no",1.68858339269349,"B"
26.301585317454,-28.8046352747518,6,"yes",1.77598676484592,"D"
26.2992155843926,-28.8028059107649,8,"yes",1.61914462336819,"D"
26.2984906123285,-28.8085404636246,8,"yes",1.53891874195691,"D"
26.2986549116461,-28.7955862752589,6,"no",2.00259852689475,"B"
26.2978355316254,-28.8020315101513,2,"no",1.90513104252575,"A"
26.3017931400754,-28.7979183487397,6,"yes",1.45964919448363,"C"
26.2993614823501,-28.7951565738216,3,"yes",1.52301413371308,"B"
26.3022649801177,-28.7998291451608,7,"yes",1.73337964662283,"C"
26.301919505922,-28.8032713191046,7,"yes",1.79511194127237,"D"
26.3025796944661,-28.8015107009417,8,"yes",1.8395348277145,"C"
26.3002945966961,-28.8041134293234,4,"yes",1.45064180623618,"D"
26.301309664936,-28.7992396369615,6,"yes",2.05054693429347,"C"
26.3002514950422,-28.8061403835219,7,"yes",1.75324787887138,"D"
26.2989966925686,-28.8035553300888,4,"yes",1.7244831190596,"D"
26.3009935521747,-28.8055410229809,11,"yes",1.84091268972899,"D"
26.2987366223925,-28.7979382513669,2,"no",1.69808492771159,"B"
26.3017568932232,-28.8011091038205,5,"yes",1.83188678059875,"D"
26.300627074774,-28.7973261139775,4,"no",1.70620730496526,"B"
26.3004349590767,-28.8037035098911,11,"yes",1.98663538282164,"D"
26.2999343932615,-28.8040315810871,8,"yes",1.81565603515863,"D"
26.3004515481876,-28.7927791785036,5,"no",1.43497267413623,"B"
26.3005510101254,-28.7997291527879,4,"yes",1.68132171496001,"C"
26.2975603617632,-28.7952417012623,6,"no",1.47549344615238,"B"
26.2993390202339,-28.7968981074845,4,"no",1.63909848477877,"B"
26.3019997451376,-28.8025451556304,5,"yes",2.19330573840802,"D"
26.2987586585039,-28.7990628027276,3,"yes",1.65932970167833,"B"
26.3001229114661,-28.8044858259488,4,"yes",1.54638217297471,"D"
26.2978218038621,-28.7992033866574,4,"no",1.74003468661486,"A"
26.302285906871,-28.7971687777793,3,"yes",1.78395563920505,"C"
26.2992075569255,-28.7932294517937,2,"no",1.66077111595123,"B"
26.3006585566205,-28.806330484336,9,"yes",1.79313861821491,"D"
26.2979263920607,-28.7999833776082,1,"no",1.98925036458648,"A"
26.3058799223222,-28.8029807859059,4,"yes",1.71666068205035,"C"
26.3025348769319,-28.7990545030322,9,"yes",1.92263348158429,"C"
26.2982572441807,-28.8019626749518,5,"no",1.68327580209014,"A"
26.3032419358978,-28.8058857324028,4,"yes",1.94000421740202,"D"
26.3001634307438,-28.8045665375336,6,"yes",1.68561837919241,"D"
26.3007449397032,-28.7990377527611,3,"yes",1.41203216010644,"C"
26.2982398488205,-28.7947162727375,4,"yes",1.84319370434094,"B"
26.2999187908236,-28.7987503604001,7,"yes",1.62913697425679,"B"
26.304752409005,-28.7933627938164,7,"yes",1.75456515038764,"C"
26.2966960896745,-28.7992994887576,3,"no",1.74482156287761,"A"
26.3007497772731,-28.8006241878778,5,"yes",1.73968368094975,"D"
26.3041254204292,-28.7997595411062,3,"yes",1.91917300998584,"C"
26.2961481738219,-28.8019337442649,2,"yes",1.75094839503239,"A"
26.2979882625483,-28.7958268718445,2,"no",1.83690289928859,"B"
26.3021448419602,-28.7983094660157,4,"yes",1.70540519783824,"C"
26.3006898789336,-28.7958320985523,15,"no",1.83070339016533,"B"
26.2977819491469,-28.8007584667131,1,"no",1.51852318211864,"A"
26.3047141036749,-28.8030689149785,4,"yes",1.59958389722927,"D"
26.3018725709069,-28.7942738231673,4,"yes",2.08090946514584,"B"
26.300455269042,-28.7970953063034,3,"no",1.75738036110004,"B"
26.2999528952449,-28.7986160171125,5,"no",1.49005446515776,"B"
26.2996899591775,-28.8048049282123,4,"yes",1.78279646083949,"D"
26.3013303957418,-28.8064218679489,6,"yes",1.76431333108343,"D"
26.2979888485969,-28.8056737895228,4,"yes",1.65169535066739,"D"
26.30379478118,-28.8072634960478,5,"yes",1.75474584481886,"D"
26.2996384901127,-28.8033258966774,7,"yes",1.78444848924229,"D"
26.2976204303922,-28.7993344207026,1,"yes",2.14047446906715,"A"
26.2996902475812,-28.8004206544231,1,"yes",1.6740024388208,"A"
26.2996961358297,-28.7961603187866,2,"no",1.63638688874062,"B"
26.2979222490655,-28.8002723264209,1,"yes",1.83376730040773,"A"
26.2993010602551,-28.7967361606343,5,"yes",1.61231940916314,"B"
26.2992655273114,-28.7980601108964,7,"no",1.71220946302431,"B"
26.302701966816,-28.7941588770439,3,"no",1.87980342728147,"B"
26.2985893745501,-28.7950575983528,3,"no",1.90695915534276,"B"
26.3008278146942,-28.7962629521728,2,"no",1.78896019702064,"B"
26.3007167861456,-28.8003703693268,4,"yes",1.98474650654645,"C"
26.2953248275635,-28.7955054354147,5,"no",1.59165290651736,"B"
26.296507081062,-28.803335197559,4,"no",1.88986525601,"A"
26.3006557734761,-28.7976829723298,2,"yes",1.7959942078068,"B"
26.2993255471352,-28.7970705908037,6,"no",1.88779232925432,"B"
26.3046017792063,-28.8018731018398,8,"yes",1.64802784588421,"C"
26.2989461922537,-28.8003716426067,2,"no",1.61994397632362,"A"
26.300193699419,-28.7974026063725,6,"no",1.73164300731011,"B"
26.2995023370559,-28.8032493980671,6,"yes",1.66758348321748,"D"
26.298530158609,-28.7939976845258,2,"no",1.77384863525063,"B"
26.3015395986246,-28.802777046363,4,"yes",1.66650218293765,"D"
26.2989808155258,-28.8017620578571,5,"yes",1.83972848844273,"D"
26.3022669885082,-28.8009960429627,4,"yes",1.92000221344933,"C"
26.3041967228945,-28.7991244993119,6,"yes",1.55596950955065,"C"
26.3024272580052,-28.8013409776263,4,"yes",2.08813227130923,"C"
26.2971515407997,-28.7968573382308,2,"no",1.72694812104623,"B"
26.2999112941239,-28.8001347949914,5,"yes",1.93916646437231,"D"
26.2990505183122,-28.805427005649,5,"yes",1.49833670942402,"D"
26.3013398246402,-28.7944216039966,8,"yes",1.45239582491159,"B"
26.3003377617805,-28.7945910597617,10,"no",1.61470895859194,"B"
26.2993285562105,-28.7977578590073,10,"no",1.89242036911458,"B"
26.2938087432225,-28.7980475955321,2,"no",1.67853572154088,"A"
26.296988174797,-28.8000651093423,2,"yes",1.76126869920113,"A"
26.2969434146977,-28.796857655171,5,"yes",1.95374683635221,"B"
26.2999159022646,-28.7999831793197,8,"yes",1.70896167467561,"B"
26.3006821523648,-28.7976550972596,5,"no",1.52254616302633,"B"
26.3013666961123,-28.8047611366073,6,"yes",1.72929287102153,"D"
26.2995537446921,-28.799425475466,2,"no",1.53727875432155,"B"
26.2980472774091,-28.8035687674548,8,"yes",1.72294426160266,"D"
26.3004397998934,-28.7958514951886,2,"no",1.83448203594299,"B"
26.2964503603321,-28.7993161287964,2,"yes",1.84705454618274,"A"
26.2983448731408,-28.8035251060905,4,"yes",1.74993091901853,"D"
26.3010072655881,-28.8017928430706,6,"yes",1.6395009043783,"D"
26.299920335695,-28.800008033054,3,"no",1.56962184959557,"A"
26.3015508496331,-28.8005847927839,4,"yes",1.61581314904403,"C"
26.3007237523617,-28.800970005657,7,"yes",1.75536728153564,"D"
26.2998683315237,-28.7993479947364,3,"no",1.97445566440086,"B"
26.2985040530841,-28.800306198089,3,"no",1.8624500119813,"A"
26.3002598554656,-28.8006967679626,6,"yes",1.76761343957869,"D"
26.3004817465272,-28.8036977331448,5,"yes",1.77887003098661,"D"
26.3014557608014,-28.8033689572115,4,"yes",1.66995295691231,"D"
26.2972213190639,-28.7992395573252,6,"no",1.6405713496169,"A"
26.2980641790854,-28.7996667040213,5,"no",1.83533739234038,"A"
26.299323216741,-28.8008694128936,1,"yes",1.4835223921209,"A"
26.299449136734,-28.7995305647544,2,"yes",1.60022018017436,"B"
26.3051515855978,-28.8035142443208,7,"yes",2.03076915009646,"D"
26.2957958173917,-28.7954217647724,4,"no",1.50273910019032,"B"
26.3011928557661,-28.8028232682839,5,"yes",1.75386177694223,"D"
26.2991150394925,-28.799064221008,3,"yes",1.64424913088051,"B"
26.302598379704,-28.7951000101909,9,"no",1.63914339728783,"B"
26.2988127189157,-28.8044580420429,6,"yes",1.97939651417504,"D"
26.3019679024492,-28.7962289795044,4,"no",1.5019204958186,"B"
26.3004725499213,-28.7961200733562,2,"yes",1.63192702067153,"B"
26.3010674580188,-28.8058255899137,6,"yes",1.76400778938715,"D"
26.2968887595072,-28.7952538346298,2,"yes",1.84759883084079,"B"
26.3007028160417,-28.8073608371537,6,"yes",1.82915176873705,"D"
26.2964678915754,-28.798840065334,3,"no",1.84764471786839,"A"
26.3021308462019,-28.7937471013434,3,"no",1.87999008481699,"B"
26.3020548282267,-28.8055478231703,5,"yes",1.5952454948272,"D"
26.2982428214692,-28.8028947265177,4,"yes",1.958898720775,"D"
26.2988439159352,-28.794346485814,2,"no",1.67848287743866,"B"
26.2990901849687,-28.7954816398254,4,"no",1.86095337041789,"B"
26.2982685944071,-28.8016400882376,2,"yes",1.89282199191934,"A"
26.3016791515394,-28.8041250898,8,"yes",1.83068282681386,"D"
26.3006069650353,-28.7952175530097,3,"yes",1.4154228517514,"B"
26.3005279014953,-28.7980646485337,4,"no",1.73717132531336,"B"
26.3017995390768,-28.8017389141609,5,"yes",1.63909953807591,"D"
26.3007514912832,-28.8015072299831,4,"yes",1.60676171632094,"D"
26.3023521975337,-28.7981309151318,4,"yes",1.62588373589366,"C"
26.3030444571571,-28.8019448093004,5,"yes",1.55139719630674,"D"
26.3023648380574,-28.7989676265999,6,"yes",1.84310336753872,"C"
26.3019366456201,-28.7941698398675,2,"yes",1.41858940150758,"B"
26.30289092124,-28.8050780053132,7,"yes",1.89769133899894,"D"
26.2991042097252,-28.7925424374279,3,"no",1.70897649276757,"B"
26.3037444731521,-28.8022000291187,6,"yes",1.88473277289118,"C"
26.3001602698623,-28.7963791981383,2,"no",1.72597394637079,"B"
26.2982610214222,-28.8027705035251,2,"no",1.67223160430194,"A"
26.3005083705479,-28.8041214945633,6,"yes",1.7056031716002,"D"
26.300440957828,-28.8058570175446,4,"yes",1.56987772651624,"D"
26.2972477680853,-28.7974220753987,6,"yes",1.4718446884615,"B"
26.3001266780709,-28.8013261244875,9,"yes",1.46757771022768,"D"
26.2994027849102,-28.8024663282974,8,"yes",1.86965214607534,"D"
26.2977924319498,-28.8028102160917,7,"no",1.6250595337098,"A"
26.3013430130058,-28.8045459682716,5,"yes",1.91723048739104,"D"
26.2990360321196,-28.7953618202402,2,"no",1.81326483768558,"B"
26.2980302366123,-28.7975663326605,11,"no",1.64252692953186,"B"
26.2964958644327,-28.7963023143151,2,"yes",1.73141298285126,"B"
26.3003630395914,-28.7975890218734,5,"no",1.59496719625187,"B"
26.3011964555668,-28.7978259920831,7,"no",1.86606366723157,"B"
26.3030736424031,-28.8001900481733,5,"yes",1.82656492246475,"C"
26.2976091001075,-28.8047097873517,7,"yes",1.70250860487235,"D"
26.2999854574852,-28.8016518376533,4,"yes",1.41122406323912,"D"
26.2988007178013,-28.7963293050536,3,"yes",1.6605924754624,"B"
26.2997845527199,-28.7971831677778,4,"yes",1.57659675693019,"B"
26.2994177239213,-28.8044820097123,4,"yes",1.53900907616795,"D"
26.3015249604047,-28.8061890840956,4,"yes",1.72629031398981,"D"
26.2991810523414,-28.802800518263,5,"yes",1.74251061400957,"D"
26.2977956092973,-28.8008124949368,2,"no",1.83230711463434,"A"
26.2972684060364,-28.8040121972186,3,"no",1.6091755229924,"A"
26.3030922611296,-28.8009431368282,3,"yes",1.58764669882558,"C"
26.300865463486,-28.8037184111712,5,"yes",1.83668752336001,"D"
26.3018814523296,-28.8046843896926,9,"yes",1.64540373599974,"D"
26.3021129540161,-28.7971039890054,6,"yes",1.87625050209523,"C"
26.2958666931427,-28.7981431083062,1,"no",1.7526279327892,"A"
26.2944345413669,-28.7997506799061,1,"yes",1.84799624459589,"A"
26.3065249524098,-28.8056015515969,5,"yes",1.74576308178077,"D"
26.3005353185484,-28.8050295977668,5,"yes",1.63771073667337,"D"
26.3023224403647,-28.8002279144125,10,"yes",1.75232005196101,"C"
26.2977321479869,-28.7971099733515,3,"no",1.40861503373822,"B"
26.3007106390395,-28.8028997778032,7,"yes",1.63554041740778,"D"
26.2993619758296,-28.7980711789109,2,"yes",1.70904929121604,"B"
26.304060875302,-28.7992128422255,6,"yes",1.54831353765345,"C"
26.3026470822825,-28.8047380263985,5,"yes",1.89470651459622,"D"
26.2996291935328,-28.7983941469983,9,"no",1.69638253875342,"B"
26.2995596244071,-28.8062629356402,6,"yes",1.69307799672553,"D"
26.3044320601577,-28.8024538759752,6,"yes",1.80883076320312,"C"
26.299507911998,-28.8042121436635,4,"yes",1.89735989538748,"D"
26.2985127596251,-28.7984625162936,2,"no",1.84506344129574,"B"
26.3009446943501,-28.7962977518689,8,"yes",1.72012527671453,"B"
26.300292771051,-28.8025993647835,4,"yes",1.80671946419625,"D"
26.3023974487399,-28.7988366750432,5,"yes",1.76796021459616,"C"
26.3008825368405,-28.7996433215838,5,"yes",1.4703586454176,"C"
26.2969716192015,-28.7980133902149,3,"no",1.60173198785434,"B"
26.300128508058,-28.8005016593107,6,"yes",1.63023260540637,"D"
26.2979336920832,-28.7990508837135,1,"no",1.57439313344587,"A"
26.3001392695642,-28.8038510864386,5,"yes",1.51441412597586,"D"
26.3035805551423,-28.7983132659262,6,"yes",1.71444630605623,"C"
26.3003379350576,-28.8024177487987,5,"yes",1.74489111919457,"D"
26.3001829641309,-28.7977747885443,4,"no",1.70926629173628,"B"
26.2979413843587,-28.7995221627046,2,"no",1.62083248134919,"A"
26.3014624742455,-28.8002632407594,4,"yes",1.74802477350407,"C"
26.3007780167338,-28.8029441237831,6,"yes",1.63158372465344,"D"
26.2988323498144,-28.7983313584966,8,"yes",1.793152172401,"B"
26.2978085271686,-28.8030729751843,5,"no",2.08027120818889,"A"
26.3012111395335,-28.7959628791649,3,"no",1.89849349472194,"B"
26.3028691919799,-28.797046256401,4,"yes",1.54214961983403,"C"
26.2999190450434,-28.797534775948,7,"no",1.61172430383197,"B"
26.2985396112454,-28.8015197529345,2,"yes",1.87824800588786,"A"
26.2995855916208,-28.8021440413336,5,"yes",2.04093096722907,"D"
26.2993566494497,-28.8018420410358,5,"yes",1.48022543404411,"D"
26.2975394710496,-28.7949885812015,3,"yes",1.99131770933575,"B"
26.3024364262636,-28.8031918361822,5,"yes",1.54786337102235,"D"
26.3036532494224,-28.7979132490555,5,"yes",1.82796739127174,"C"
26.3023892729359,-28.7971278868417,4,"yes",1.67429671516933,"C"
26.3011308316155,-28.7980260476554,2,"no",2.05029871578165,"B"
26.2964621053175,-28.8023750531954,4,"no",1.75589092250115,"A"
26.3021313630759,-28.8049200661108,6,"yes",1.79357758542147,"D"
26.3034428553081,-28.8000644237404,4,"yes",1.76828553143542,"C"
26.2976981379209,-28.7983483453349,4,"no",1.74490330770414,"B"
26.297344824797,-28.8022424239407,2,"no",1.2779431228119,"A"
26.3032657596233,-28.7990201626496,3,"yes",1.78291984990696,"C"
26.2998789747691,-28.7981037539095,2,"no",1.96069678523903,"B"
26.2994102133743,-28.8017183292797,6,"yes",1.82692251420095,"D"
26.2973079648937,-28.7989669184564,2,"yes",1.78664884541527,"A"
26.3009515404732,-28.8015564186037,5,"yes",1.50118120347644,"D"
26.3007019571193,-28.8012421924048,7,"yes",1.76958001000164,"D"
26.2964806325063,-28.7978408617405,1,"no",1.71541823950735,"A"
26.2987401648564,-28.7977398900018,3,"yes",2.0848995041946,"B"
26.3007104426328,-28.8017450825218,4,"yes",1.75911806272642,"D"
26.2999779265523,-28.7945614208999,4,"no",1.81854333790185,"B"
26.2993570926886,-28.8037999966744,8,"yes",1.67673792310888,"D"
26.3013223848161,-28.8015854241231,4,"yes",1.61935901997481,"D"
26.2993750635594,-28.8015228388999,12,"yes",1.984677775116,"D"
26.3007094345128,-28.800412150956,8,"yes",1.70598744941224,"C"
26.3004222964744,-28.7972057405783,4,"no",1.71966491127054,"B"
26.2999313326149,-28.7969668876465,4,"no",1.81787208902975,"B"
26.2999404265038,-28.8011100321943,4,"yes",1.87302627315374,"D"
26.2973209135533,-28.7920293898415,5,"yes",1.80558288714275,"B"
26.2995990017988,-28.8038866644087,4,"yes",1.98445329895766,"D"
26.2970008399134,-28.7999695963612,5,"yes",2.02161730930425,"A"
26.3003859183643,-28.7995058082218,5,"yes",1.64977042792973,"C"
26.3016336103966,-28.7947493559101,7,"no",1.75414481200536,"B"
26.3015952825324,-28.7964213744682,4,"no",1.74908830283386,"B"
26.3006244587703,-28.7993750904256,5,"yes",1.90752778387415,"C"
26.2994295776289,-28.8046378989048,7,"yes",1.77259337150442,"D"
26.299527268325,-28.7984340709722,2,"no",1.79186819465044,"B"
26.2972215302752,-28.8003872302396,2,"yes",1.58699732967501,"A"
26.2994951807245,-28.8023708441847,5,"yes",1.96529217125885,"D"
26.2981864494425,-28.7960753330606,5,"yes",1.65094707135396,"B"
26.2998861501936,-28.7975893610849,13,"no",1.66449855308159,"B"
26.2996084568793,-28.7978255303949,10,"no",1.93508570079084,"B"
26.2964863713804,-28.7985857328622,1,"yes",1.93053640953318,"A"
26.2950526506811,-28.7973864456564,6,"no",1.744784908838,"A"
26.297776419617,-28.8012220418996,3,"no",1.5255091253643,"A"
26.2986460742692,-28.7992479641442,2,"yes",1.65098471021319,"A"
26.2977854339552,-28.802338856513,1,"no",1.94803111002975,"A"
26.2981296251441,-28.8004402672327,2,"yes",1.80763472824059,"A"
26.2984537395125,-28.7934081859724,2,"no",1.81958531939409,"B"
26.2965332506356,-28.7983036345277,3,"yes",1.89289040915077,"A"
26.3010600750707,-28.7981292589594,4,"yes",1.75545545505576,"B"
26.3034175810586,-28.7978256495834,4,"yes",1.92799529699447,"C"
26.3027136355422,-28.7993142246778,4,"yes",1.75242036474826,"C"
26.3027391072212,-28.8009141541397,6,"yes",1.91981805498964,"C"
26.3042129577209,-28.8053672245705,4,"yes",1.82412869279597,"D"
26.3031796338914,-28.7991756421011,5,"yes",1.86610715821286,"C"
26.3006253789244,-28.7959548540637,4,"yes",1.76057044238012,"B"
26.2973453322144,-28.7993623457421,2,"yes",1.95785523991477,"A"
26.3010964273066,-28.7977517646458,4,"no",1.91581586187926,"B"
26.3026527781403,-28.800930574003,5,"yes",1.88876779405217,"C"
26.2998312997786,-28.7975333672783,4,"no",1.67970422221401,"B"
26.2986656201468,-28.7982287889191,4,"no",1.79730141277516,"B"
26.3004121182474,-28.7937726954999,3,"no",1.66150564936568,"B"
26.300172667331,-28.8028222678298,6,"yes",1.46336427341134,"D"
26.2991752466734,-28.7973790369964,3,"no",1.23242463647393,"B"
26.2999146732795,-28.800986613902,5,"yes",1.63322678096566,"D"
26.3008393897536,-28.7996981323821,4,"yes",1.79203964133184,"C"
26.2995810364006,-28.7982801910491,2,"no",1.69599555438223,"B"
26.3002012423539,-28.7976508092277,3,"no",1.94374767573173,"B"
26.300217812768,-28.7980115440682,4,"yes",1.64167356465437,"B"
26.2995886945489,-28.8047439031525,4,"yes",1.61489850062389,"D"
26.2994644878151,-28.8020714131808,4,"yes",1.98494869308125,"D"
26.2983423091224,-28.799175225761,4,"yes",1.54458985257773,"A"
26.3001637799041,-28.7976988153241,2,"no",1.9820736426841,"B"
26.2995463359929,-28.8004731581459,8,"yes",1.80403831748737,"A"
26.2960155761271,-28.7979571947001,8,"no",1.51982208611226,"A"
26.3003342745919,-28.804006965149,5,"yes",1.96590995953883,"D"
26.2988477903929,-28.7953452860566,8,"no",1.49391849777229,"B"
26.298693015762,-28.7980114450097,6,"no",1.55660530133454,"B"
26.30107496307,-28.7979425403302,5,"yes",1.66017571744579,"B"
26.2999969587358,-28.7995832750044,5,"yes",1.36365533759338,"B"
26.2992374185292,-28.7955520417036,2,"no",1.90991925900766,"B"
26.3007615813795,-28.7963447970919,5,"yes",1.80348867390694,"B"
26.3036873524588,-28.8038779772946,6,"yes",1.57814946407441,"D"
26.30119263485,-28.797952966718,6,"yes",1.73192117740552,"B"
26.299909713561,-28.7994393448206,3,"no",1.80136499067962,"B"
26.3015557862338,-28.7965287656321,4,"yes",1.57654671782607,"B"
26.2979692183395,-28.7973898534651,3,"yes",1.71021018528296,"B"
26.2937066492958,-28.7972504222438,4,"yes",1.69395472707582,"A"
26.299138223233,-28.7994675488148,6,"yes",1.74080351352215,"B"
26.2999395098234,-28.8011777264883,5,"yes",1.69270750745949,"D"
26.3007504571444,-28.8010245289338,7,"yes",1.70227912858406,"D"
26.3018802109115,-28.8038791843745,5,"yes",1.72932355443546,"D"
26.3011104843396,-28.7936177611207,2,"no",1.71888332442501,"B"
26.2973559158866,-28.8032741000648,1,"no",1.74393986055595,"A"
26.2992079391597,-28.8005321474372,3,"no",1.93637408029103,"A"
26.2986778078746,-28.7949751684148,3,"yes",1.90529316057638,"B"
26.29948487296,-28.8021206638173,5,"yes",1.75559152746114,"D"
26.2986968018858,-28.803474610344,8,"yes",1.72589936009602,"D"
26.3027082099142,-28.7971539396252,5,"yes",1.83121172732158,"C"
26.3019121451135,-28.803185041613,4,"yes",1.65617255522555,"D"
26.298756492015,-28.7947423138709,4,"no",1.61624021239701,"B"
26.3007508675845,-28.798660302081,7,"no",1.64368385356789,"B"
26.2964705562979,-28.805288017131,5,"no",1.78622991502001,"A"
26.303267937571,-28.8044994515993,8,"yes",1.85282908599496,"D"
26.2998170614677,-28.7957003910039,2,"yes",1.95070742866881,"B"
26.3013032422763,-28.8031880953371,4,"yes",1.85384571240725,"D"
26.3068635995034,-28.7987049177417,3,"yes",1.66917099326373,"C"
26.3017042537599,-28.7981065759142,3,"yes",1.96504780554038,"C"
26.2990804248308,-28.8013662240874,3,"no",1.693417617486,"A"
26.3013827429493,-28.8004517433899,4,"yes",1.74177007565051,"C"
26.2984672111934,-28.8021350280471,1,"yes",1.9574146042562,"A"
26.3019707649303,-28.8041899388197,4,"yes",2.13135875079649,"D"
26.3008675810672,-28.8019710910442,5,"yes",1.84862777442763,"D"
26.3014484749819,-28.8025628960651,6,"yes",1.6970152718531,"D"
26.2998759708899,-28.7963998706077,2,"yes",1.66914676584893,"B"
26.3024336733974,-28.8039963512721,5,"yes",1.82408370654652,"D"
26.2990422920519,-28.7985702324957,3,"no",1.66208211987098,"B"
26.3006188016909,-28.7963584283642,5,"no",1.88815275626784,"B"
26.2980108812092,-28.798315627168,3,"no",1.62436412817647,"B"
26.2969476479783,-28.7966608937049,6,"yes",1.46687276331853,"B"
26.3002727761091,-28.7987440434612,4,"no",1.89147415670555,"B"
26.3058365462589,-28.8025340775203,4,"yes",1.99032708834156,"C"
26.2999318768664,-28.8041024076606,6,"yes",1.6798598366914,"D"
26.3006074677933,-28.8028381088421,4,"yes",1.64294688306355,"D"
26.3015962266334,-28.7971040584138,6,"no",1.56091060337728,"B"
26.3008958994781,-28.797697353191,5,"no",1.66753872114422,"B"
26.3014465610387,-28.8059491231398,5,"yes",1.84142596038371,"D"
26.3033656999509,-28.8055432910045,8,"yes",1.76286237351132,"D"
26.3001731238957,-28.7961965071927,6,"yes",1.78904972896578,"B"
26.3003169867982,-28.7961810203087,3,"no",1.72136693118093,"B"
26.3020593596445,-28.8050839313892,6,"yes",2.02012003515334,"D"
26.3021389635471,-28.797986560072,5,"yes",1.59754244807888,"C"
26.3009765737588,-28.7965863679555,5,"yes",1.91042045440501,"B"
26.3015368680285,-28.8031998692155,5,"yes",1.69358145303227,"D"
26.2999941068323,-28.799654665853,7,"yes",1.96060821115687,"B"
26.3009924873098,-28.8012848892969,7,"yes",1.88268320994828,"D"
26.2987501973227,-28.8027352360631,6,"yes",1.63379046684451,"D"
26.2982977429998,-28.7955947047754,3,"no",1.64212808189723,"B"
26.3024163133123,-28.7961428163635,3,"no",1.81452209275735,"B"
26.3004201491093,-28.7923236426763,3,"no",1.85241070652312,"B"
26.2961117499777,-28.8015925516379,2,"no",1.80471021474547,"A"
26.3027894671741,-28.7982045294937,4,"yes",1.66423351112142,"C"
26.3024044537572,-28.8010563583198,7,"yes",1.80483128482188,"C"
26.2980959841749,-28.7952912430017,4,"no",1.90002077761489,"B"
26.3014230344108,-28.7963441266238,8,"no",1.72554246747572,"B"
26.301384318105,-28.8018027412012,5,"yes",1.78968512529908,"D"
26.2985851421646,-28.8063009180935,6,"yes",1.80883450774619,"D"
26.301684846555,-28.8041803583939,6,"yes",1.69030174479605,"D"
26.3024494202726,-28.8031568270354,5,"yes",1.69878430916384,"D"
26.3001116022473,-28.7954483914082,4,"yes",1.84604131160504,"B"
26.2986691462545,-28.8016981960337,2,"no",1.77517681326578,"A"
26.2976256396082,-28.7939681050862,3,"yes",1.76174137338683,"B"
26.3014547945089,-28.7978373170085,4,"yes",1.85521150725534,"C"
26.2999673345229,-28.7975249556214,3,"no",1.7453135904828,"B"
26.3002642716457,-28.7992495190433,2,"yes",1.62115248606027,"B"
26.2993511048007,-28.801624566008,6,"yes",1.52991112897091,"D"
26.303229885809,-28.7949069890807,6,"yes",1.88746474523447,"B"
26.3026679459661,-28.8068339720852,5,"yes",2.10810719860484,"D"
26.2952072074044,-28.8003590093435,4,"no",1.71330493241234,"A"
26.3059297203544,-28.8042278978603,4,"yes",1.55120759364619,"D"
26.2977926767888,-28.8020378521324,3,"yes",2.00441887629936,"A"
26.3002853027115,-28.7959889189669,3,"no",1.56368333318776,"B"
26.2966543824643,-28.8014223307188,1,"no",1.54731353457207,"A"
26.3005157288695,-28.8034836379997,5,"yes",1.77273948575297,"D"
26.2992157448803,-28.7977485473061,3,"no",1.72050951458251,"B"
26.2994336437989,-28.7948683442087,3,"yes",1.9517817907252,"B"
26.2993904407023,-28.7953913375199,2,"no",1.61823557410024,"B"
26.3032549498333,-28.8020414674518,4,"yes",1.66147981509499,"C"
26.3003909767777,-28.8002223249739,4,"yes",1.8445331810421,"C"
26.2985257050261,-28.7972102816854,5,"no",1.68884026944773,"B"
26.2974325278292,-28.7971766333805,4,"yes",1.73125426195264,"B"
26.2984039360448,-28.7982979032473,4,"no",1.79690149581545,"B"
26.3016096746595,-28.8011651314575,5,"yes",1.76476612815595,"D"
26.2986017421918,-28.7955874396133,4,"no",1.90799141097941,"B"
26.2990699067073,-28.7952967559903,8,"yes",1.76501099901678,"B"
26.3001568683029,-28.8051898540363,5,"yes",1.6489371253865,"D"
26.3024248539906,-28.8048858991636,9,"yes",1.76794555643138,"D"
26.300141091158,-28.7991171318631,2,"no",1.99704959566638,"B"
26.3037751107,-28.7971288319832,4,"yes",1.58060929280314,"C"
26.2988670085478,-28.7985895401245,3,"no",1.60544594894469,"B"
26.2983677490475,-28.7968828072797,5,"no",1.65678197728343,"B"
26.2982784729224,-28.8060235255115,7,"yes",1.65885411489934,"D"
26.3008968529448,-28.7965506816787,2,"no",1.74372239970075,"B"
26.304928225501,-28.8020471897017,8,"yes",2.04965123975318,"C"
26.2979587786901,-28.8019144980729,3,"no",1.64772643045406,"A"
26.3016185678951,-28.7963014768481,4,"no",1.53092154179956,"B"
26.3007721241535,-28.7965123876063,3,"no",1.49691417419197,"B"
26.3007567288959,-28.8046551683396,4,"yes",1.88135900400265,"D"
26.3001780968551,-28.7962106287638,3,"no",1.42776027915792,"B"
26.3025037531262,-28.7949818570275,6,"no",1.70466388961358,"B"
26.298854317732,-28.7956604417385,4,"no",1.63134021057423,"B"
26.2981409085076,-28.7994346138839,1,"yes",1.59779578664631,"A"
26.3016186609988,-28.8049051891351,7,"yes",2.02210500528977,"D"
26.3013422177866,-28.8007314762775,4,"yes",2.05837300910474,"C"
26.301744119448,-28.8042835766546,7,"yes",1.84667465438216,"D"
26.3007816780361,-28.8004772567851,3,"yes",1.687029370512,"C"
26.2995101848431,-28.7986832126786,3,"no",1.85376561956811,"B"
26.3011956745721,-28.8055822890041,4,"yes",1.68539579101099,"D"
26.2978301041818,-28.7995219311284,1,"no",1.56588786304905,"A"
26.2985212595057,-28.8005396355662,2,"no",1.89178296801445,"A"
26.2996035795213,-28.8023725436166,5,"yes",1.63388537912488,"D"
26.3004416838496,-28.8017255454968,8,"yes",1.59220788483947,"D"
26.2978345218296,-28.7969080958447,2,"no",1.45971854503828,"B"
26.300050302314,-28.8032933466267,9,"yes",1.77944797710426,"D"
26.301934620693,-28.805110258249,4,"yes",1.75511220878894,"D"
26.2988981833492,-28.7960726801355,3,"no",1.79771786167061,"B"
26.3021105679182,-28.8060967583887,5,"yes",1.65603728299598,"D"
26.3018626227619,-28.8009872235882,9,"yes",1.71309254915421,"C"
26.3029465959142,-28.8006716316422,4,"yes",1.69847698603452,"C"
26.3013696263011,-28.8026416904882,5,"yes",1.83560043140909,"D"
26.2937456633187,-28.8000196082992,2,"no",1.83405376416853,"A"
26.2986670302024,-28.8054504699573,6,"yes",1.88619449485797,"D"
26.296133121934,-28.8004830887128,1,"no",1.82697602295591,"A"
26.3000774062194,-28.7928565123445,4,"no",1.83245111348444,"B"
26.2994722768382,-28.8049079561839,5,"yes",1.55709832527097,"D"
26.30115182779,-28.806111101952,6,"yes",1.68578368711964,"D"
26.3016988382717,-28.7946451711269,5,"yes",1.71629288931929,"B"
26.3001229512781,-28.8079643998625,11,"yes",1.95520800440984,"D"
26.2990198764859,-28.8019203388696,4,"yes",1.97889581373189,"D"
26.2998242083007,-28.8002698286591,5,"yes",1.92901391908064,"D"
26.3048318769674,-28.8012065770756,5,"yes",1.79709524115706,"C"
26.2978406638443,-28.7976347173967,5,"yes",1.76803776598444,"B"
26.2992205154098,-28.7997246376058,3,"yes",1.67079561347917,"A"
26.2969698075078,-28.8041157386039,1,"yes",1.62929554225769,"A"
26.2990194336038,-28.7954245941418,3,"yes",1.9578721989711,"B"
26.3005247750951,-28.8006132364424,6,"yes",1.93228307651004,"D"
26.2996545155497,-28.7997538841192,12,"no",1.83079327749204,"B"
26.2980706241255,-28.8007839874136,3,"no",1.6643021601747,"A"
26.297021289418,-28.7990849669336,2,"yes",1.88725402104475,"A"
26.3000313201527,-28.8000036120436,2,"no",1.8906927090668,"B"
26.3028423832092,-28.7999877136949,4,"yes",2.11006752717595,"C"
26.3010923305233,-28.8039255794666,10,"yes",1.85116646045654,"D"
26.3006307984937,-28.7972141105917,5,"no",1.64392454211475,"B"
26.2978624697108,-28.7984816675296,6,"no",1.46715601073139,"B"
26.2993772811337,-28.8041351244459,10,"yes",1.79356631375917,"D"
26.2975667007037,-28.8014001258605,3,"no",1.70407660159446,"A"
26.3003526151254,-28.7970186442237,6,"yes",1.50865993741327,"B"
26.3006745820301,-28.804758504406,5,"yes",1.76305688103882,"D"
26.3007491630311,-28.7975864512613,4,"yes",1.98895623983496,"B"
26.3000887773011,-28.802029144257,6,"yes",1.59927502096089,"D"
26.2996818248309,-28.7991080631055,3,"no",1.53958326848185,"B"
26.3002971753069,-28.7961673780158,4,"yes",1.73405357806437,"B"
26.304022839876,-28.8066669657901,12,"yes",1.80569096880107,"D"
26.3000713677205,-28.801446031409,6,"yes",1.88627623391448,"D"
26.3019079281038,-28.7933369090318,6,"no",1.84333024739194,"B"
26.2981694250745,-28.8047915935219,4,"yes",1.83499712961182,"D"
26.302499532669,-28.799851177922,8,"yes",1.86183538327366,"C"
26.3009894838008,-28.8011691363985,8,"yes",1.71397926859733,"D"
26.2981834668916,-28.7970408245015,2,"no",1.89851515630995,"B"
26.2975230187074,-28.8017794103016,2,"yes",2.02063313509794,"A"
26.3009378636854,-28.7990950235713,8,"yes",1.922025677235,"C"
26.2965727107831,-28.7963811278166,5,"no",1.69044793665218,"B"
26.2958858146505,-28.796855142937,2,"no",1.62381343783755,"B"
26.2982608457818,-28.7983671398204,8,"yes",1.46527197542596,"B"
26.2987183967583,-28.8026706406949,8,"yes",1.72308967217298,"D"
26.2997754487029,-28.7978031502889,4,"no",1.64854059964737,"B"
26.2991338078925,-28.8028375121261,10,"yes",1.60156244315412,"D"
26.2989105990012,-28.8033077680346,5,"yes",1.63451697115606,"D"
26.3011151228943,-28.7960410932467,4,"no",1.88371133785185,"B"
26.3041358003043,-28.8007871227582,3,"yes",1.83406852469997,"C"
26.300946200973,-28.8031069609676,4,"yes",1.75400152332876,"D"
26.2965592007696,-28.7983560324973,10,"no",1.70330731004684,"A"
26.2982984085829,-28.8013744708824,2,"no",1.98085932698117,"A"
26.3007187180303,-28.8008357421468,4,"yes",1.86881481921779,"D"
26.296709151972,-28.797411453471,5,"no",1.64791754285427,"B"
26.3012764513348,-28.802405498857,7,"yes",2.04352512346994,"D"
26.2998393352459,-28.8037512585305,5,"yes",1.52040880969046,"D"
26.2987168444224,-28.801793611581,1,"no",1.63663181978984,"A"
26.3025633634819,-28.8047554896516,5,"yes",1.96190546634223,"D"
26.2950137691536,-28.799994043416,4,"no",2.02013032402717,"A"
26.3008936737903,-28.7972263428157,4,"no",1.50788128111735,"B"
26.2999094347036,-28.8027588019219,6,"yes",1.66388173225292,"D"
26.3033405911723,-28.8027870885854,4,"yes",1.70917209368824,"D"
26.3010609108443,-28.7991070163104,4,"yes",1.88720330484457,"C"
26.3003936258265,-28.8030060326917,4,"yes",1.59054167125044,"D"
26.2990422016425,-28.8059884184445,6,"yes",1.76018375100154,"D"
26.2989992343859,-28.7928248058283,3,"yes",1.8151532830448,"B"
26.2999906267637,-28.8035093916269,10,"yes",1.87669244100525,"D"
26.2994737222081,-28.802130686206,5,"yes",1.59221692275404,"D"
26.3034920547365,-28.7964035588711,6,"yes",1.63333388542913,"C"
